{
  "Loss": [
    1.053965449333191,
    0.9995818138122559,
    1.0041639804840088,
    1.0218273401260376,
    1.0045894384384155,
    1.0101633071899414,
    0.9771984219551086,
    0.9739764928817749,
    0.9776869416236877,
    0.9687381982803345,
    0.9528942704200745,
    0.9400606155395508,
    0.9685859680175781,
    0.9461323618888855,
    0.9594753980636597,
    0.9489690065383911,
    0.9544121026992798,
    0.9403417110443115,
    0.9282895922660828,
    0.9289122223854065,
    0.9282715916633606,
    0.9167645573616028,
    0.9154353141784668,
    0.9061836004257202,
    0.9101606011390686,
    0.9121317267417908,
    0.9187296628952026,
    0.8992030024528503,
    0.9070916771888733,
    0.8959628343582153,
    0.899706244468689,
    0.903839647769928,
    0.893926203250885,
    0.8964253664016724,
    0.9003225564956665,
    0.8900704383850098,
    0.8989979028701782,
    0.8844980001449585,
    0.8837529420852661,
    0.8792065382003784,
    0.8837468028068542,
    0.8809404373168945,
    0.8941028714179993,
    0.8815677762031555,
    0.8879590630531311,
    0.8855242133140564,
    0.8769919276237488,
    0.8738837242126465,
    0.8664801120758057,
    0.875010073184967,
    0.8680325746536255,
    0.8724073767662048,
    0.8577731251716614,
    0.8703900575637817,
    0.8611207008361816,
    0.8619985580444336,
    0.8641883730888367,
    0.8599541783332825,
    0.8558387160301208,
    0.8660688400268555,
    0.8578504920005798,
    0.8664392828941345,
    0.8601818680763245,
    0.855501115322113,
    0.8646958470344543,
    0.8639388084411621,
    0.8572076559066772,
    0.8571256995201111,
    0.851026177406311,
    0.8521546721458435,
    0.8564260601997375,
    0.848893404006958,
    0.8548758029937744,
    0.8429760932922363,
    0.846463680267334,
    0.8440415859222412,
    0.84541916847229,
    0.8405575752258301,
    0.8492414951324463,
    0.8391050696372986,
    0.8495955467224121,
    0.837745189666748,
    0.8367244005203247,
    0.8441923260688782,
    0.8385476469993591,
    0.8381445407867432,
    0.8485164046287537,
    0.8440338373184204,
    0.8385183215141296,
    0.8397002816200256,
    0.8317580819129944,
    0.8261125087738037,
    0.8379008769989014,
    0.830042839050293,
    0.8302131295204163,
    0.824617862701416,
    0.8288744688034058,
    0.830402135848999,
    0.818061888217926,
    0.8305224776268005
  ],
  "Training accuracy": [
    0.513530135301353,
    0.49384993849938497,
    0.490159901599016,
    0.508610086100861,
    0.508610086100861,
    0.5116851168511685,
    0.5,
    0.5227552275522755,
    0.523370233702337,
    0.5116851168511685,
    0.5325953259532595,
    0.5448954489544895,
    0.52460024600246,
    0.5092250922509225,
    0.5338253382533825,
    0.541820418204182,
    0.5473554735547356,
    0.5621156211562116,
    0.528290282902829,
    0.544280442804428,
    0.5467404674046741,
    0.5424354243542435,
    0.5522755227552275,
    0.5565805658056581,
    0.560270602706027,
    0.5707257072570726,
    0.5467404674046741,
    0.5633456334563346,
    0.5584255842558425,
    0.5547355473554736,
    0.5608856088560885,
    0.5744157441574416,
    0.5658056580565806,
    0.5651906519065191,
    0.560270602706027,
    0.5651906519065191,
    0.5910209102091021,
    0.5559655596555966,
    0.5768757687576875,
    0.5707257072570726,
    0.5621156211562116,
    0.5694956949569495,
    0.5787207872078721,
    0.5836408364083641,
    0.568880688806888,
    0.5750307503075031,
    0.5830258302583026,
    0.5756457564575646,
    0.5916359163591636,
    0.5904059040590406,
    0.5867158671586716,
    0.5738007380073801,
    0.568880688806888,
    0.577490774907749,
    0.5885608856088561,
    0.5836408364083641,
    0.5891758917589176,
    0.5947109471094711,
    0.5940959409594095,
    0.5891758917589176,
    0.5824108241082411,
    0.5977859778597786,
    0.5873308733087331,
    0.5873308733087331,
    0.5897908979089791,
    0.5891758917589176,
    0.5940959409594095,
    0.6014760147601476,
    0.5928659286592866,
    0.5904059040590406,
    0.5922509225092251,
    0.6033210332103321,
    0.6082410824108241,
    0.5996309963099631,
    0.6143911439114391,
    0.6008610086100861,
    0.6002460024600246,
    0.5996309963099631,
    0.5805658056580566,
    0.5984009840098401,
    0.6070110701107011,
    0.6088560885608856,
    0.6002460024600246,
    0.6131611316113161,
    0.6070110701107011,
    0.5984009840098401,
    0.6162361623616236,
    0.6002460024600246,
    0.6045510455104551,
    0.6063960639606396,
    0.6125461254612546,
    0.5990159901599016,
    0.6082410824108241,
    0.6236162361623616,
    0.602091020910209,
    0.6045510455104551,
    0.6162361623616236,
    0.6070110701107011,
    0.6193111931119312,
    0.6113161131611317
  ],
  "Validation accuracy": [
    0.5443349753694581,
    0.5443349753694581,
    0.5467980295566502,
    0.5467980295566502,
    0.5517241379310345,
    0.5541871921182266,
    0.5443349753694581,
    0.5689655172413793,
    0.5714285714285714,
    0.5714285714285714,
    0.5665024630541872,
    0.5738916256157636,
    0.5640394088669951,
    0.5763546798029556,
    0.5763546798029556,
    0.5763546798029556,
    0.5738916256157636,
    0.5738916256157636,
    0.5763546798029556,
    0.5738916256157636,
    0.5763546798029556,
    0.5763546798029556,
    0.5788177339901478,
    0.5788177339901478,
    0.5738916256157636,
    0.5763546798029556,
    0.5763546798029556,
    0.5738916256157636,
    0.5738916256157636,
    0.5763546798029556,
    0.5738916256157636,
    0.5738916256157636,
    0.5738916256157636,
    0.5738916256157636,
    0.5714285714285714,
    0.5714285714285714,
    0.5738916256157636,
    0.5714285714285714,
    0.5714285714285714,
    0.5714285714285714,
    0.5714285714285714,
    0.5714285714285714,
    0.5714285714285714,
    0.5689655172413793,
    0.5714285714285714,
    0.5689655172413793,
    0.5714285714285714,
    0.5738916256157636,
    0.5689655172413793,
    0.5714285714285714,
    0.5714285714285714,
    0.5689655172413793,
    0.5689655172413793,
    0.5738916256157636,
    0.5714285714285714,
    0.5738916256157636,
    0.5714285714285714,
    0.5714285714285714,
    0.5788177339901478,
    0.5788177339901478,
    0.5763546798029556,
    0.5714285714285714,
    0.5738916256157636,
    0.5788177339901478,
    0.5788177339901478,
    0.5812807881773399,
    0.5788177339901478,
    0.5788177339901478,
    0.5788177339901478,
    0.5812807881773399,
    0.5812807881773399,
    0.5812807881773399,
    0.583743842364532,
    0.583743842364532,
    0.5763546798029556,
    0.583743842364532,
    0.5812807881773399,
    0.5812807881773399,
    0.583743842364532,
    0.583743842364532,
    0.5812807881773399,
    0.5812807881773399,
    0.583743842364532,
    0.5812807881773399,
    0.5812807881773399,
    0.5812807881773399,
    0.583743842364532,
    0.5812807881773399,
    0.5812807881773399,
    0.5812807881773399,
    0.5812807881773399,
    0.5862068965517241,
    0.5862068965517241,
    0.5862068965517241,
    0.5788177339901478,
    0.583743842364532,
    0.583743842364532,
    0.583743842364532,
    0.5788177339901478,
    0.583743842364532
  ],
  "Best Validation accuracy": 0.5862068965517241,
  "Test accuracy": 0.5725190839694656
}