{
  "Loss": [
    1.045295000076294,
    0.9608351588249207,
    0.9343948364257812,
    0.92955482006073,
    0.8968192934989929,
    0.8780204653739929,
    0.8440809845924377,
    0.8427255749702454,
    0.8374184370040894,
    0.8225502967834473,
    0.7843437194824219,
    0.7678631544113159,
    0.7725430727005005,
    0.7574616074562073,
    0.7455705404281616,
    0.7238942980766296,
    0.7238532304763794,
    0.6990509629249573,
    0.6822633147239685,
    0.661618173122406,
    0.6529417634010315,
    0.6584062576293945,
    0.6373320817947388,
    0.6075727939605713,
    0.5881816148757935,
    0.6074838638305664,
    0.598013699054718,
    0.558674693107605,
    0.5540749430656433,
    0.5656036138534546,
    0.5358495116233826,
    0.5230982303619385,
    0.5283903479576111,
    0.5163916349411011,
    0.4918316602706909,
    0.5116118788719177,
    0.49926480650901794,
    0.46350234746932983,
    0.45473772287368774,
    0.45074430108070374,
    0.462380051612854,
    0.4296109676361084,
    0.46483364701271057,
    0.43855226039886475,
    0.4397369921207428,
    0.42686522006988525,
    0.39676928520202637,
    0.40618646144866943,
    0.3856681287288666,
    0.3722517490386963,
    0.3995930254459381,
    0.3918316662311554,
    0.36992597579956055,
    0.3794930875301361,
    0.37123385071754456,
    0.3504716753959656,
    0.36174145340919495,
    0.3359818458557129,
    0.35862839221954346,
    0.3410334587097168,
    0.3351048231124878,
    0.3294501304626465,
    0.34113603830337524,
    0.31106486916542053,
    0.32856202125549316,
    0.3419378995895386,
    0.3222254812717438,
    0.3187648057937622,
    0.30339646339416504,
    0.33337458968162537,
    0.289642870426178,
    0.29650771617889404,
    0.30127835273742676,
    0.30088135600090027,
    0.31143516302108765,
    0.30190956592559814,
    0.29539725184440613,
    0.2870016396045685,
    0.2714869976043701,
    0.2826515734195709,
    0.2869904637336731,
    0.27315783500671387,
    0.28157147765159607,
    0.2689119875431061,
    0.26035305857658386,
    0.286984384059906,
    0.2736905515193939,
    0.28100845217704773,
    0.2534329891204834,
    0.24885879456996918,
    0.27866458892822266,
    0.2441745400428772,
    0.24996589124202728,
    0.23562394082546234,
    0.2582959830760956,
    0.2587697505950928,
    0.26987314224243164,
    0.25906646251678467,
    0.25760266184806824,
    0.256830632686615
  ],
  "Training accuracy": [
    0.518450184501845,
    0.527060270602706,
    0.5307503075030751,
    0.566420664206642,
    0.5645756457564576,
    0.5940959409594095,
    0.5799507995079951,
    0.6156211562115621,
    0.6113161131611317,
    0.6353013530135302,
    0.6525215252152522,
    0.6568265682656826,
    0.6648216482164822,
    0.6574415744157441,
    0.6666666666666666,
    0.6771217712177122,
    0.6832718327183271,
    0.7134071340713407,
    0.6998769987699877,
    0.7109471094710947,
    0.7281672816728167,
    0.7367773677736777,
    0.7441574415744158,
    0.7380073800738007,
    0.7349323493234933,
    0.7558425584255842,
    0.7607626076260763,
    0.7662976629766297,
    0.7681426814268143,
    0.7755227552275523,
    0.7644526445264452,
    0.7865928659286593,
    0.7890528905289053,
    0.7841328413284133,
    0.7988929889298892,
    0.8007380073800738,
    0.8068880688806888,
    0.8216482164821648,
    0.8198031980319803,
    0.8068880688806888,
    0.8222632226322263,
    0.8167281672816729,
    0.8259532595325954,
    0.8308733087330873,
    0.8370233702337023,
    0.8277982779827798,
    0.8523985239852399,
    0.8296432964329643,
    0.8357933579335793,
    0.8468634686346863,
    0.8517835178351784,
    0.8480934809348093,
    0.8511685116851169,
    0.8653136531365314,
    0.8646986469864698,
    0.8677736777367774,
    0.8573185731857319,
    0.8739237392373924,
    0.8653136531365314,
    0.8622386223862238,
    0.8739237392373924,
    0.8788437884378844,
    0.8696186961869619,
    0.8720787207872078,
    0.8763837638376384,
    0.8825338253382534,
    0.8757687576875769,
    0.8899138991389914,
    0.8739237392373924,
    0.8702337023370234,
    0.8825338253382534,
    0.8782287822878229,
    0.8813038130381304,
    0.8892988929889298,
    0.8942189421894219,
    0.8819188191881919,
    0.8942189421894219,
    0.8960639606396064,
    0.8813038130381304,
    0.8954489544895449,
    0.8899138991389914,
    0.8843788437884379,
    0.8917589175891759,
    0.9009840098400984,
    0.8991389913899139,
    0.9052890528905289,
    0.8954489544895449,
    0.8972939729397293,
    0.9059040590405905,
    0.9052890528905289,
    0.9052890528905289,
    0.9028290282902829,
    0.897908979089791,
    0.9009840098400984,
    0.915129151291513,
    0.8985239852398524,
    0.9052890528905289,
    0.9040590405904059,
    0.8972939729397293,
    0.897908979089791
  ],
  "Validation accuracy": [
    0.5714285714285714,
    0.5960591133004927,
    0.6009852216748769,
    0.5714285714285714,
    0.6182266009852216,
    0.6231527093596059,
    0.6009852216748769,
    0.5911330049261084,
    0.6206896551724138,
    0.6330049261083743,
    0.6330049261083743,
    0.6305418719211823,
    0.6403940886699507,
    0.6428571428571429,
    0.6502463054187192,
    0.645320197044335,
    0.6625615763546798,
    0.6576354679802956,
    0.6527093596059114,
    0.6674876847290641,
    0.6600985221674877,
    0.6798029556650246,
    0.6773399014778325,
    0.6699507389162561,
    0.6970443349753694,
    0.687192118226601,
    0.6896551724137931,
    0.6822660098522167,
    0.6773399014778325,
    0.6822660098522167,
    0.6724137931034483,
    0.6896551724137931,
    0.6822660098522167,
    0.6970443349753694,
    0.6773399014778325,
    0.6896551724137931,
    0.6798029556650246,
    0.6995073891625616,
    0.6945812807881774,
    0.6847290640394089,
    0.6945812807881774,
    0.6896551724137931,
    0.6921182266009852,
    0.6847290640394089,
    0.6945812807881774,
    0.6896551724137931,
    0.6896551724137931,
    0.6921182266009852,
    0.6921182266009852,
    0.6970443349753694,
    0.687192118226601,
    0.7068965517241379,
    0.6945812807881774,
    0.7019704433497537,
    0.7093596059113301,
    0.6921182266009852,
    0.7019704433497537,
    0.7142857142857143,
    0.6995073891625616,
    0.7093596059113301,
    0.7093596059113301,
    0.6945812807881774,
    0.6970443349753694,
    0.6921182266009852,
    0.6945812807881774,
    0.6921182266009852,
    0.6995073891625616,
    0.6995073891625616,
    0.6921182266009852,
    0.6945812807881774,
    0.6921182266009852,
    0.6945812807881774,
    0.7044334975369458,
    0.6970443349753694,
    0.6945812807881774,
    0.6995073891625616,
    0.6995073891625616,
    0.6995073891625616,
    0.6995073891625616,
    0.6945812807881774,
    0.7044334975369458,
    0.6970443349753694,
    0.6945812807881774,
    0.6896551724137931,
    0.7019704433497537,
    0.6945812807881774,
    0.6921182266009852,
    0.7019704433497537,
    0.6995073891625616,
    0.6970443349753694,
    0.687192118226601,
    0.6945812807881774,
    0.6945812807881774,
    0.6896551724137931,
    0.6896551724137931,
    0.6896551724137931,
    0.6921182266009852,
    0.6896551724137931,
    0.6896551724137931,
    0.6970443349753694
  ],
  "Best Validation accuracy": 0.7142857142857143,
  "Test accuracy": 0.6717557251908397
}