{
  "Loss": [
    0.9838740825653076,
    0.9166765809059143,
    0.9004780650138855,
    0.8943935036659241,
    0.8813083171844482,
    0.8684005737304688,
    0.8488861918449402,
    0.8445858359336853,
    0.8300489783287048,
    0.8273513913154602,
    0.819307804107666,
    0.8070757389068604,
    0.8014557361602783,
    0.7821964621543884,
    0.773756206035614,
    0.772590160369873,
    0.7651136517524719,
    0.7502849698066711,
    0.7487519979476929,
    0.7423412203788757,
    0.7291868329048157,
    0.7224218845367432,
    0.7140171527862549,
    0.7059032917022705,
    0.7038121223449707,
    0.6946192383766174,
    0.686809241771698,
    0.6618916392326355,
    0.6608653664588928,
    0.648770809173584,
    0.6542347073554993,
    0.6401163339614868,
    0.6347942352294922,
    0.6385418176651001,
    0.624286949634552,
    0.6167299151420593,
    0.6102014780044556,
    0.6141234040260315,
    0.6068309545516968,
    0.6110720634460449,
    0.5982362627983093,
    0.598247766494751,
    0.5918260812759399,
    0.5970223546028137,
    0.599071741104126,
    0.5907958149909973,
    0.5983071327209473,
    0.5956222414970398,
    0.5793045163154602,
    0.5812578797340393,
    0.5745379328727722,
    0.5799218416213989,
    0.5774050354957581,
    0.5604906678199768,
    0.5767298340797424,
    0.566800594329834,
    0.5753496885299683,
    0.5773371458053589,
    0.5519196391105652,
    0.5518380999565125,
    0.5752630829811096,
    0.5525457262992859,
    0.5542688369750977,
    0.558050274848938,
    0.5519936680793762,
    0.5485441088676453,
    0.5592311024665833,
    0.5516285300254822,
    0.5387040376663208,
    0.5474850535392761,
    0.5364110469818115,
    0.5478567481040955,
    0.5365338325500488,
    0.5431288480758667,
    0.5424712896347046,
    0.5453711748123169,
    0.556922435760498,
    0.533311665058136,
    0.5366361737251282,
    0.554599404335022,
    0.5320823788642883,
    0.5469512939453125,
    0.5158185958862305,
    0.5285434722900391,
    0.5326261520385742,
    0.5272854566574097,
    0.5304322242736816,
    0.5134589672088623,
    0.5244606137275696,
    0.530459463596344,
    0.5200474262237549,
    0.532026469707489,
    0.521424412727356,
    0.518685519695282,
    0.5343871116638184,
    0.5380405783653259,
    0.519797146320343,
    0.5095213055610657,
    0.5276572704315186,
    0.5287381410598755
  ],
  "Training accuracy": [
    0.5500413564929694,
    0.6054590570719603,
    0.6100082712985939,
    0.6133167907361455,
    0.6182795698924731,
    0.6253101736972705,
    0.6335814722911497,
    0.6352357320099256,
    0.6426799007444168,
    0.6418527708850289,
    0.6555004135649297,
    0.6501240694789082,
    0.6559139784946236,
    0.6563275434243176,
    0.6625310173697271,
    0.6708023159636063,
    0.6745244003308519,
    0.6753515301902399,
    0.6794871794871795,
    0.684449958643507,
    0.6906534325889164,
    0.6885856079404467,
    0.6960297766749379,
    0.6980976013234078,
    0.6997518610421837,
    0.7076095947063689,
    0.7167080231596361,
    0.7113316790736146,
    0.7237386269644334,
    0.7320099255583127,
    0.7253928866832092,
    0.7315963606286187,
    0.7369727047146402,
    0.7382133995037221,
    0.7361455748552522,
    0.7402812241521919,
    0.7402812241521919,
    0.7464846980976013,
    0.7626137303556658,
    0.7526881720430108,
    0.7489660876757651,
    0.7547559966914805,
    0.7559966914805625,
    0.7477253928866832,
    0.7638544251447478,
    0.7684036393713813,
    0.7584780810587263,
    0.760132340777502,
    0.760545905707196,
    0.7679900744416873,
    0.7622001654259719,
    0.7729528535980149,
    0.7638544251447478,
    0.7667493796526055,
    0.7741935483870968,
    0.772125723738627,
    0.7634408602150538,
    0.7783291976840364,
    0.7729528535980149,
    0.7861869313482217,
    0.7795698924731183,
    0.7808105872622002,
    0.782464846980976,
    0.7837055417700579,
    0.7853598014888338,
    0.7791563275434243,
    0.7762613730355666,
    0.7799834574028123,
    0.7812241521918941,
    0.7911497105045492,
    0.7866004962779156,
    0.782051282051282,
    0.7741935483870968,
    0.7791563275434243,
    0.7812241521918941,
    0.7874276261373035,
    0.7812241521918941,
    0.7866004962779156,
    0.7878411910669976,
    0.7965260545905707,
    0.7882547559966915,
    0.7882547559966915,
    0.7915632754342432,
    0.7998345740281224,
    0.7878411910669976,
    0.7886683209263854,
    0.7985938792390406,
    0.7952853598014888,
    0.7923904052936311,
    0.7911497105045492,
    0.7932175351530191,
    0.7894954507857733,
    0.7886683209263854,
    0.8023159636062862,
    0.7903225806451613,
    0.8064516129032258,
    0.7981803143093466,
    0.7998345740281224,
    0.7990074441687345,
    0.7994210090984285
  ],
  "Validation accuracy": [
    0.5794701986754967,
    0.6009933774834437,
    0.6059602649006622,
    0.609271523178808,
    0.6109271523178808,
    0.6208609271523179,
    0.6274834437086093,
    0.6274834437086093,
    0.640728476821192,
    0.6556291390728477,
    0.6539735099337748,
    0.6572847682119205,
    0.6605960264900662,
    0.6556291390728477,
    0.6589403973509934,
    0.6705298013245033,
    0.6655629139072847,
    0.6721854304635762,
    0.6788079470198676,
    0.6821192052980133,
    0.6903973509933775,
    0.7003311258278145,
    0.6970198675496688,
    0.7052980132450332,
    0.7152317880794702,
    0.7284768211920529,
    0.7350993377483444,
    0.7334437086092715,
    0.7384105960264901,
    0.7384105960264901,
    0.7384105960264901,
    0.7400662251655629,
    0.7466887417218543,
    0.7533112582781457,
    0.7566225165562914,
    0.75,
    0.7665562913907285,
    0.7731788079470199,
    0.7682119205298014,
    0.7781456953642384,
    0.7814569536423841,
    0.7748344370860927,
    0.7798013245033113,
    0.7831125827814569,
    0.7798013245033113,
    0.7847682119205298,
    0.7831125827814569,
    0.7798013245033113,
    0.7798013245033113,
    0.7748344370860927,
    0.7748344370860927,
    0.7847682119205298,
    0.7715231788079471,
    0.7781456953642384,
    0.7913907284768212,
    0.7798013245033113,
    0.7963576158940397,
    0.7781456953642384,
    0.7731788079470199,
    0.7913907284768212,
    0.7831125827814569,
    0.7682119205298014,
    0.7814569536423841,
    0.7897350993377483,
    0.7798013245033113,
    0.7831125827814569,
    0.7880794701986755,
    0.7847682119205298,
    0.7880794701986755,
    0.7814569536423841,
    0.7798013245033113,
    0.7847682119205298,
    0.7798013245033113,
    0.7748344370860927,
    0.793046357615894,
    0.7864238410596026,
    0.7913907284768212,
    0.7798013245033113,
    0.7864238410596026,
    0.7847682119205298,
    0.7897350993377483,
    0.7847682119205298,
    0.7897350993377483,
    0.7897350993377483,
    0.7864238410596026,
    0.7913907284768212,
    0.7897350993377483,
    0.7864238410596026,
    0.7864238410596026,
    0.7913907284768212,
    0.7847682119205298,
    0.7913907284768212,
    0.7897350993377483,
    0.7864238410596026,
    0.7913907284768212,
    0.793046357615894,
    0.7880794701986755,
    0.7847682119205298,
    0.7880794701986755,
    0.7913907284768212
  ],
  "Best Validation accuracy": 0.7963576158940397,
  "Test accuracy": 0.7489597780859917
}