{
  "Loss": [
    0.9948782324790955,
    0.9397733807563782,
    0.9211794137954712,
    0.8984232544898987,
    0.8913725018501282,
    0.877019464969635,
    0.8754797577857971,
    0.8628573417663574,
    0.8500086069107056,
    0.8402510285377502,
    0.8348502516746521,
    0.8175690770149231,
    0.8147043585777283,
    0.8045583367347717,
    0.801020622253418,
    0.7808200716972351,
    0.7813277244567871,
    0.7685646414756775,
    0.7670288681983948,
    0.7496293187141418,
    0.7462402582168579,
    0.7391968965530396,
    0.7361075282096863,
    0.7126830816268921,
    0.7070174217224121,
    0.6964612603187561,
    0.685401201248169,
    0.683510422706604,
    0.6707040071487427,
    0.6651777029037476,
    0.6530515551567078,
    0.6576181054115295,
    0.6497742533683777,
    0.6400293707847595,
    0.6338953375816345,
    0.6290978193283081,
    0.6188349723815918,
    0.6122822165489197,
    0.6180574297904968,
    0.6034506559371948,
    0.6051845550537109,
    0.6000828146934509,
    0.5860912203788757,
    0.5943494439125061,
    0.5859211087226868,
    0.5802066922187805,
    0.574265718460083,
    0.5968577861785889,
    0.571520209312439,
    0.5765042304992676,
    0.5717861652374268,
    0.575870156288147,
    0.5628650784492493,
    0.5678024291992188,
    0.5639740824699402,
    0.5685302019119263,
    0.5618907809257507,
    0.5490713715553284,
    0.5500088930130005,
    0.5525004863739014,
    0.5521759986877441,
    0.5508745312690735,
    0.559548020362854,
    0.5578569769859314,
    0.5552927851676941,
    0.5441325902938843,
    0.5496678948402405,
    0.5446189641952515,
    0.5348724722862244,
    0.545929491519928,
    0.5355483293533325,
    0.5434743165969849,
    0.5427066087722778,
    0.5309766530990601,
    0.5284134745597839,
    0.5279817581176758,
    0.5327600836753845,
    0.5264954566955566,
    0.5170796513557434,
    0.5178918838500977,
    0.5319260954856873,
    0.5133497714996338,
    0.5305421948432922,
    0.5156760811805725,
    0.5154716968536377,
    0.5222201943397522,
    0.528660774230957,
    0.5136181116104126,
    0.5085296630859375,
    0.5051771402359009,
    0.49590086936950684,
    0.5152109861373901,
    0.5050373077392578,
    0.520102322101593,
    0.516147255897522,
    0.5153588056564331,
    0.5082789063453674,
    0.4916030764579773,
    0.5068870782852173,
    0.5063132643699646
  ],
  "Training accuracy": [
    0.5386867419489754,
    0.5913843580092012,
    0.5913843580092012,
    0.5997490589711418,
    0.6064408197406943,
    0.616060225846926,
    0.6185696361355082,
    0.6227519866164785,
    0.6327896277708072,
    0.6327896277708072,
    0.6411543287327478,
    0.644500209117524,
    0.6503554997908825,
    0.6461731493099122,
    0.6587202007528231,
    0.6608113759933082,
    0.6566290255123379,
    0.6633207862818904,
    0.670849017147637,
    0.6842325386867419,
    0.6804684232538687,
    0.6813048933500627,
    0.6804684232538687,
    0.6905060644081974,
    0.698452530322041,
    0.7059807611877875,
    0.7080719364282727,
    0.7160184023421162,
    0.7172731074864074,
    0.7214554579673776,
    0.7231283981597658,
    0.7235466332078628,
    0.7373483897950648,
    0.7452948557089084,
    0.7348389795064827,
    0.7482225010455876,
    0.7494772061898787,
    0.7524048515265579,
    0.7469677959012966,
    0.7565872020075283,
    0.7561689669594313,
    0.7586783772480133,
    0.7582601421999163,
    0.7540777917189461,
    0.7653701380175659,
    0.7649519029694688,
    0.7586783772480133,
    0.7708071936428272,
    0.7628607277289837,
    0.767461313258051,
    0.767461313258051,
    0.7779171894604768,
    0.7779171894604768,
    0.7716436637390214,
    0.7737348389795065,
    0.7829360100376411,
    0.7611877875365956,
    0.7779171894604768,
    0.7774989544123797,
    0.7841907151819323,
    0.766624843161857,
    0.7728983688833124,
    0.7770807193642827,
    0.7883730656629026,
    0.7749895441237976,
    0.7867001254705144,
    0.7787536595566709,
    0.7900460058552907,
    0.7783354245085738,
    0.7795901296528649,
    0.7787536595566709,
    0.7720618987871184,
    0.7854454203262233,
    0.7833542450857381,
    0.7900460058552907,
    0.795483061480552,
    0.794228356336261,
    0.7879548306148055,
    0.8013383521539105,
    0.7871183605186115,
    0.7862818904224174,
    0.7833542450857381,
    0.7988289418653283,
    0.7921371810957758,
    0.7908824759514848,
    0.7917189460476788,
    0.7908824759514848,
    0.794646591384358,
    0.7917189460476788,
    0.7929736511919699,
    0.794646591384358,
    0.7917189460476788,
    0.7975742367210372,
    0.8038477624424927,
    0.7879548306148055,
    0.7925554161438728,
    0.7967377666248432,
    0.8025930572982016,
    0.8009201171058135,
    0.8055207026348808
  ],
  "Validation accuracy": [
    0.576214405360134,
    0.5979899497487438,
    0.6063651591289783,
    0.609715242881072,
    0.6164154103852596,
    0.6214405360134003,
    0.628140703517588,
    0.628140703517588,
    0.6331658291457286,
    0.6432160804020101,
    0.6482412060301508,
    0.6599664991624791,
    0.6566164154103853,
    0.6716917922948074,
    0.6834170854271356,
    0.6733668341708543,
    0.6901172529313233,
    0.6984924623115578,
    0.6984924623115578,
    0.7085427135678392,
    0.7001675041876047,
    0.7152428810720268,
    0.7185929648241206,
    0.7219430485762144,
    0.7252931323283082,
    0.7269681742043551,
    0.7236180904522613,
    0.7319932998324958,
    0.7386934673366834,
    0.7370184254606366,
    0.7420435510887772,
    0.7420435510887772,
    0.7470686767169179,
    0.7520938023450586,
    0.7621440536013401,
    0.7654941373534339,
    0.7721943048576214,
    0.7671691792294807,
    0.7671691792294807,
    0.7638190954773869,
    0.7621440536013401,
    0.7755443886097152,
    0.7721943048576214,
    0.7721943048576214,
    0.7738693467336684,
    0.7738693467336684,
    0.7654941373534339,
    0.7738693467336684,
    0.7788944723618091,
    0.7721943048576214,
    0.7738693467336684,
    0.7755443886097152,
    0.7755443886097152,
    0.7738693467336684,
    0.7671691792294807,
    0.7755443886097152,
    0.7738693467336684,
    0.7688442211055276,
    0.7705192629815746,
    0.7671691792294807,
    0.7805695142378559,
    0.7772194304857621,
    0.7671691792294807,
    0.7738693467336684,
    0.7721943048576214,
    0.7805695142378559,
    0.7855946398659966,
    0.7788944723618091,
    0.7772194304857621,
    0.7755443886097152,
    0.7788944723618091,
    0.7839195979899497,
    0.7755443886097152,
    0.7822445561139029,
    0.7805695142378559,
    0.7872696817420436,
    0.7805695142378559,
    0.7822445561139029,
    0.7822445561139029,
    0.7805695142378559,
    0.7872696817420436,
    0.7855946398659966,
    0.7805695142378559,
    0.7839195979899497,
    0.7855946398659966,
    0.7839195979899497,
    0.7855946398659966,
    0.7872696817420436,
    0.7755443886097152,
    0.7855946398659966,
    0.7922948073701842,
    0.7889447236180904,
    0.7922948073701842,
    0.7839195979899497,
    0.7889447236180904,
    0.7855946398659966,
    0.7906197654941374,
    0.7906197654941374,
    0.7772194304857621,
    0.7906197654941374
  ],
  "Best Validation accuracy": 0.7922948073701842,
  "Test accuracy": 0.7777777777777778
}