{
  "Loss": [
    1.0991253852844238,
    1.0647708177566528,
    1.0577396154403687,
    1.0368279218673706,
    1.022365689277649,
    1.0094472169876099,
    0.9990106821060181,
    0.9911830425262451,
    0.9747304916381836,
    0.9671741127967834,
    0.9648563861846924,
    0.9492911696434021,
    0.9429172277450562,
    0.9357828497886658,
    0.9217376708984375,
    0.922315776348114,
    0.9084171056747437,
    0.9054612517356873,
    0.898369550704956,
    0.8883214592933655,
    0.883653998374939,
    0.8773813843727112,
    0.8648627996444702,
    0.8541880249977112,
    0.8501043915748596,
    0.8387765288352966,
    0.838619589805603,
    0.8315020203590393,
    0.8213211297988892,
    0.8163694739341736,
    0.8086493015289307,
    0.8153495788574219,
    0.7960681319236755,
    0.7966161370277405,
    0.7859413623809814,
    0.7898534536361694,
    0.7821244597434998,
    0.7783292531967163,
    0.7611389756202698,
    0.7611855864524841,
    0.7537999749183655,
    0.7570218443870544,
    0.7431066632270813,
    0.7426477074623108,
    0.7453188300132751,
    0.7372512817382812,
    0.7374479174613953,
    0.7417909502983093,
    0.7334545254707336,
    0.7268962264060974,
    0.731863796710968,
    0.7122182250022888,
    0.7233713269233704,
    0.7200289964675903,
    0.7218785881996155,
    0.7077057957649231,
    0.7150059342384338,
    0.7088871002197266,
    0.7084295749664307,
    0.7045095562934875,
    0.7043386697769165,
    0.7096013426780701,
    0.7012600302696228,
    0.7090232372283936,
    0.6982484459877014,
    0.6982645392417908,
    0.7037805318832397,
    0.6947392821311951,
    0.6817074418067932,
    0.6784319281578064,
    0.6769750118255615,
    0.6824524998664856,
    0.6870226263999939,
    0.6830445528030396,
    0.6859411597251892,
    0.6735023856163025,
    0.680682897567749,
    0.6669636368751526,
    0.6840810179710388,
    0.6743912100791931,
    0.6735866069793701,
    0.6694181561470032,
    0.6629421710968018,
    0.6625750064849854,
    0.6650281548500061,
    0.6717809438705444,
    0.6710662245750427,
    0.6601407527923584,
    0.6601572036743164,
    0.6727467179298401,
    0.6619964241981506,
    0.6497558355331421,
    0.6548763513565063,
    0.6575114130973816,
    0.6575093269348145,
    0.6687097549438477,
    0.6437153220176697,
    0.6476916670799255,
    0.6470180749893188,
    0.64780592918396
  ],
  "Training accuracy": [
    0.3706742775597574,
    0.4291830181947913,
    0.4555833036032822,
    0.47984302533000356,
    0.4962540135569033,
    0.49197288619336427,
    0.523724580806279,
    0.5372814841241527,
    0.5354976810560114,
    0.5379950053514092,
    0.5408490902604353,
    0.546200499464859,
    0.5440599357830895,
    0.574027827327863,
    0.5661790938280414,
    0.5750981091687478,
    0.5736710667142347,
    0.5843738851230824,
    0.5793792365322868,
    0.5965037459864431,
    0.5990010702818409,
    0.5975740278273278,
    0.590795576168391,
    0.5965037459864431,
    0.6097038886906886,
    0.6068498037816625,
    0.6146985372814842,
    0.6175526221905102,
    0.6289689618266143,
    0.6171958615768819,
    0.6307527648947556,
    0.6118444523724581,
    0.6300392436674991,
    0.643952907599001,
    0.6350338922582947,
    0.6300392436674991,
    0.6321798073492686,
    0.6450231894398858,
    0.6485907955761684,
    0.6542989653942205,
    0.6567962896896182,
    0.6542989653942205,
    0.6653585444166964,
    0.668926150552979,
    0.6539422047805922,
    0.6639315019621834,
    0.6678558687120942,
    0.6742775597574028,
    0.6667855868712094,
    0.6696396717802354,
    0.6764181234391723,
    0.6771316446664288,
    0.6782019265073136,
    0.6803424901890831,
    0.6824830538708526,
    0.6864074206207634,
    0.6814127720299679,
    0.6892615055297895,
    0.6846236175526222,
    0.6921155904388155,
    0.6988940420977524,
    0.6928291116660721,
    0.6878344630752765,
    0.7063860149839458,
    0.6910453085979308,
    0.6860506600071352,
    0.6903317873706742,
    0.6949696753478416,
    0.7010346057795219,
    0.6931858722797003,
    0.699607563325009,
    0.7031751694612914,
    0.7063860149839458,
    0.6960399571887264,
    0.699607563325009,
    0.7103103817338566,
    0.7103103817338566,
    0.7021048876204067,
    0.7035319300749198,
    0.7078130574384588,
    0.7056724937566893,
    0.7185158758473065,
    0.7049589725294327,
    0.7138779878701391,
    0.7213699607563325,
    0.7113806635747414,
    0.719229397074563,
    0.7199429183018194,
    0.7095968605066001,
    0.7160185515519086,
    0.7149482697110239,
    0.7088833392793435,
    0.7210132001427042,
    0.7178023546200499,
    0.7110239029611131,
    0.7145915090973957,
    0.7217267213699607,
    0.7213699607563325,
    0.7263646093471281,
    0.7242240456653586
  ],
  "Validation accuracy": [
    0.43142857142857144,
    0.46714285714285714,
    0.49857142857142855,
    0.5157142857142857,
    0.5342857142857143,
    0.5428571428571428,
    0.5457142857142857,
    0.5628571428571428,
    0.5657142857142857,
    0.5728571428571428,
    0.5842857142857143,
    0.5785714285714286,
    0.59,
    0.5814285714285714,
    0.5857142857142857,
    0.5857142857142857,
    0.5871428571428572,
    0.6028571428571429,
    0.6042857142857143,
    0.6057142857142858,
    0.6071428571428571,
    0.6242857142857143,
    0.6128571428571429,
    0.6057142857142858,
    0.6142857142857143,
    0.6114285714285714,
    0.61,
    0.6171428571428571,
    0.62,
    0.6171428571428571,
    0.6157142857142858,
    0.6285714285714286,
    0.6357142857142857,
    0.64,
    0.6328571428571429,
    0.6428571428571429,
    0.6428571428571429,
    0.65,
    0.65,
    0.6528571428571428,
    0.6571428571428571,
    0.6528571428571428,
    0.66,
    0.6714285714285714,
    0.6585714285714286,
    0.67,
    0.6657142857142857,
    0.6771428571428572,
    0.6728571428571428,
    0.6728571428571428,
    0.68,
    0.6742857142857143,
    0.6814285714285714,
    0.6828571428571428,
    0.6914285714285714,
    0.6885714285714286,
    0.6957142857142857,
    0.6928571428571428,
    0.6842857142857143,
    0.6871428571428572,
    0.6957142857142857,
    0.6914285714285714,
    0.6842857142857143,
    0.6914285714285714,
    0.6871428571428572,
    0.6871428571428572,
    0.6857142857142857,
    0.6857142857142857,
    0.6871428571428572,
    0.6842857142857143,
    0.6914285714285714,
    0.69,
    0.69,
    0.6857142857142857,
    0.6857142857142857,
    0.6871428571428572,
    0.6828571428571428,
    0.6828571428571428,
    0.6828571428571428,
    0.68,
    0.6914285714285714,
    0.6842857142857143,
    0.6957142857142857,
    0.6942857142857143,
    0.6871428571428572,
    0.6942857142857143,
    0.6942857142857143,
    0.69,
    0.6814285714285714,
    0.6842857142857143,
    0.6842857142857143,
    0.6771428571428572,
    0.6842857142857143,
    0.6928571428571428,
    0.6814285714285714,
    0.6942857142857143,
    0.6942857142857143,
    0.6985714285714286,
    0.6885714285714286,
    0.6942857142857143
  ],
  "Best Validation accuracy": 0.6985714285714286,
  "Test accuracy": 0.6477683956574186
}