{
  "Loss": [
    1.041551113128662,
    0.9838883280754089
  ],
  "Training accuracy": [
    0.5248849853617733,
    0.5813467168548725
  ],
  "Validation accuracy": [
    0.576214405360134,
    0.576214405360134
  ],
  "Best Validation accuracy": 0.576214405360134,
  "Test accuracy": 0.6335978835978836
}