{
  "Loss": [
    0.9385760426521301,
    0.88987135887146,
    0.8404282331466675,
    0.8088846206665039,
    0.7833467125892639,
    0.7596384882926941,
    0.7458525896072388,
    0.7261540293693542,
    0.7058735489845276,
    0.6929823160171509,
    0.6901201009750366,
    0.6742542386054993,
    0.6736261248588562,
    0.6634658575057983,
    0.6682268977165222,
    0.6533104181289673,
    0.6645413041114807,
    0.6514938473701477,
    0.6468092799186707,
    0.6505419611930847,
    0.6476680636405945,
    0.644545316696167,
    0.642689049243927,
    0.6404043436050415,
    0.6418977379798889,
    0.6489580869674683,
    0.639373779296875,
    0.6366356015205383,
    0.6375194787979126,
    0.6391075849533081,
    0.6358936429023743,
    0.6295410394668579,
    0.6305167078971863,
    0.6330709457397461,
    0.6288284659385681,
    0.6304541230201721,
    0.6305621862411499,
    0.631010115146637,
    0.6292492747306824,
    0.629262387752533,
    0.6327700614929199,
    0.634402334690094,
    0.6286444067955017,
    0.6290898323059082,
    0.6288516521453857,
    0.6281454563140869,
    0.6299641728401184,
    0.6290915012359619,
    0.6276896595954895,
    0.6265556216239929,
    0.6263231635093689,
    0.6269809603691101,
    0.6264815330505371,
    0.6249103546142578,
    0.6268214583396912,
    0.6270227432250977,
    0.6259214878082275,
    0.6276817917823792,
    0.62473464012146,
    0.6240704655647278,
    0.6249427199363708,
    0.6240221261978149,
    0.6258500218391418,
    0.6250596046447754,
    0.6249913573265076,
    0.6255621910095215,
    0.6270312666893005,
    0.6232494115829468,
    0.6240411996841431,
    0.6244966387748718,
    0.623131513595581,
    0.6244804263114929,
    0.6222682595252991,
    0.6224727034568787,
    0.6219925284385681,
    0.621447741985321,
    0.636532187461853,
    0.6291679739952087,
    0.6276040077209473,
    0.6261276006698608,
    0.6250703930854797,
    0.6256041526794434,
    0.6272047162055969,
    0.6271966099739075,
    0.6249086260795593,
    0.6251449584960938,
    0.6223340630531311,
    0.6231300234794617,
    0.6185673475265503,
    0.6208153963088989,
    0.6220018863677979,
    0.621616780757904,
    0.6225961446762085,
    0.6197416186332703,
    0.6211089491844177,
    0.6199493408203125,
    0.6217074990272522,
    0.620437741279602,
    0.6186745166778564,
    0.6200857162475586
  ],
  "Training accuracy": [
    0.6063960639606396,
    0.6494464944649446,
    0.7072570725707257,
    0.7441574415744158,
    0.7675276752767528,
    0.7952029520295203,
    0.8124231242312423,
    0.8302583025830258,
    0.8610086100861009,
    0.8646986469864698,
    0.8708487084870848,
    0.8776137761377614,
    0.8843788437884379,
    0.8794587945879458,
    0.8899138991389914,
    0.9009840098400984,
    0.8929889298892989,
    0.8997539975399754,
    0.9040590405904059,
    0.9071340713407134,
    0.8991389913899139,
    0.9089790897908979,
    0.9083640836408364,
    0.9095940959409594,
    0.9102091020910209,
    0.9015990159901599,
    0.9163591635916359,
    0.9188191881918819,
    0.9157441574415744,
    0.9157441574415744,
    0.9175891758917589,
    0.9157441574415744,
    0.9243542435424354,
    0.9194341943419434,
    0.9188191881918819,
    0.923739237392374,
    0.9231242312423125,
    0.9261992619926199,
    0.923739237392374,
    0.9255842558425584,
    0.922509225092251,
    0.922509225092251,
    0.9212792127921279,
    0.9218942189421894,
    0.9231242312423125,
    0.9280442804428044,
    0.923739237392374,
    0.9231242312423125,
    0.9274292742927429,
    0.923739237392374,
    0.9249692496924969,
    0.9268142681426814,
    0.922509225092251,
    0.9274292742927429,
    0.9255842558425584,
    0.9206642066420664,
    0.9255842558425584,
    0.9255842558425584,
    0.9268142681426814,
    0.9274292742927429,
    0.9286592865928659,
    0.9274292742927429,
    0.9268142681426814,
    0.9255842558425584,
    0.9274292742927429,
    0.9286592865928659,
    0.9231242312423125,
    0.9286592865928659,
    0.9292742927429274,
    0.9268142681426814,
    0.9274292742927429,
    0.9286592865928659,
    0.9286592865928659,
    0.9286592865928659,
    0.9298892988929889,
    0.9298892988929889,
    0.9126691266912669,
    0.9249692496924969,
    0.9249692496924969,
    0.9255842558425584,
    0.9280442804428044,
    0.9243542435424354,
    0.9268142681426814,
    0.9274292742927429,
    0.931119311193112,
    0.9298892988929889,
    0.9274292742927429,
    0.9298892988929889,
    0.9280442804428044,
    0.931119311193112,
    0.932349323493235,
    0.9292742927429274,
    0.9305043050430505,
    0.9305043050430505,
    0.9317343173431735,
    0.931119311193112,
    0.9286592865928659,
    0.931119311193112,
    0.931119311193112,
    0.932349323493235
  ],
  "Validation accuracy": [
    0.6280788177339901,
    0.6280788177339901,
    0.6600985221674877,
    0.6748768472906403,
    0.645320197044335,
    0.6773399014778325,
    0.6650246305418719,
    0.6773399014778325,
    0.6699507389162561,
    0.6477832512315271,
    0.687192118226601,
    0.6995073891625616,
    0.6576354679802956,
    0.6847290640394089,
    0.6847290640394089,
    0.6748768472906403,
    0.6724137931034483,
    0.6773399014778325,
    0.6773399014778325,
    0.6970443349753694,
    0.6896551724137931,
    0.6970443349753694,
    0.6921182266009852,
    0.6822660098522167,
    0.6945812807881774,
    0.6822660098522167,
    0.6921182266009852,
    0.6773399014778325,
    0.6822660098522167,
    0.6724137931034483,
    0.6896551724137931,
    0.6945812807881774,
    0.6896551724137931,
    0.6847290640394089,
    0.6798029556650246,
    0.6724137931034483,
    0.6896551724137931,
    0.6724137931034483,
    0.6822660098522167,
    0.6945812807881774,
    0.6625615763546798,
    0.6748768472906403,
    0.6798029556650246,
    0.6847290640394089,
    0.6896551724137931,
    0.6847290640394089,
    0.6847290640394089,
    0.6847290640394089,
    0.6896551724137931,
    0.6921182266009852,
    0.6896551724137931,
    0.6896551724137931,
    0.6945812807881774,
    0.7019704433497537,
    0.6798029556650246,
    0.6773399014778325,
    0.6822660098522167,
    0.6822660098522167,
    0.6970443349753694,
    0.6945812807881774,
    0.6970443349753694,
    0.6773399014778325,
    0.6970443349753694,
    0.6921182266009852,
    0.6847290640394089,
    0.6945812807881774,
    0.7019704433497537,
    0.6970443349753694,
    0.7019704433497537,
    0.6945812807881774,
    0.7019704433497537,
    0.6970443349753694,
    0.6970443349753694,
    0.7019704433497537,
    0.7093596059113301,
    0.6921182266009852,
    0.6945812807881774,
    0.6847290640394089,
    0.6995073891625616,
    0.6970443349753694,
    0.6970443349753694,
    0.6970443349753694,
    0.6896551724137931,
    0.6945812807881774,
    0.6798029556650246,
    0.6945812807881774,
    0.6896551724137931,
    0.6822660098522167,
    0.6921182266009852,
    0.6822660098522167,
    0.687192118226601,
    0.6773399014778325,
    0.6896551724137931,
    0.6921182266009852,
    0.6847290640394089,
    0.6896551724137931,
    0.6921182266009852,
    0.687192118226601,
    0.6847290640394089,
    0.6896551724137931
  ],
  "Best Validation accuracy": 0.7093596059113301,
  "Test accuracy": 0.6393129770992366
}