{
  "Loss": [
    1.0057682991027832,
    0.9495187401771545,
    0.918962836265564,
    0.8855244517326355,
    0.8671975135803223,
    0.8562436103820801,
    0.8341784477233887,
    0.8320195078849792,
    0.8260903358459473,
    0.8265258073806763,
    0.8098422884941101,
    0.8105700612068176,
    0.801572322845459,
    0.804633617401123,
    0.7941272854804993,
    0.7915664911270142,
    0.7968646883964539,
    0.7869624495506287,
    0.7908689379692078,
    0.785534143447876,
    0.7826529741287231,
    0.7775921821594238,
    0.7795942425727844,
    0.7718775272369385,
    0.7688953876495361,
    0.7662315964698792,
    0.7627595067024231,
    0.7655838131904602,
    0.7697077989578247,
    0.7567286491394043,
    0.7645325064659119,
    0.7578644752502441,
    0.7561839818954468,
    0.7498612999916077,
    0.7552322745323181,
    0.7500445246696472,
    0.7526426315307617,
    0.7433479428291321,
    0.7519586086273193,
    0.7514663934707642,
    0.7403176426887512,
    0.7386736869812012,
    0.7362762689590454,
    0.7439775466918945,
    0.7389663457870483,
    0.7425249218940735,
    0.7358552813529968,
    0.7350497245788574,
    0.7341976761817932,
    0.7368131279945374,
    0.726399302482605,
    0.7299003601074219,
    0.7309969067573547,
    0.73312908411026,
    0.7298100590705872,
    0.732354998588562,
    0.7259595990180969,
    0.7260749936103821,
    0.7258635759353638,
    0.7228900790214539,
    0.7246271967887878,
    0.7210079431533813,
    0.7143099904060364,
    0.7155623435974121,
    0.7271900773048401,
    0.7210073471069336,
    0.7188712954521179,
    0.7145513892173767,
    0.7166070938110352,
    0.721319317817688,
    0.7130050659179688,
    0.7060219049453735,
    0.7087640762329102,
    0.7149917483329773,
    0.711071789264679,
    0.7105047702789307,
    0.7118375301361084,
    0.7084006667137146,
    0.7090623378753662,
    0.7066130638122559,
    0.7068204879760742,
    0.704157292842865,
    0.7074421644210815,
    0.703442394733429,
    0.7049580216407776,
    0.6994158625602722,
    0.7049733400344849,
    0.7046611905097961,
    0.7086889147758484,
    0.705441951751709,
    0.700377881526947,
    0.6980583071708679,
    0.6987518668174744,
    0.7013829350471497,
    0.7014471888542175,
    0.7061021327972412,
    0.6980608105659485,
    0.7003814578056335,
    0.6992887854576111,
    0.6973010897636414
  ],
  "Training accuracy": [
    0.5571955719557196,
    0.5817958179581796,
    0.6365313653136532,
    0.6832718327183271,
    0.6949569495694957,
    0.6888068880688807,
    0.7238622386223862,
    0.7318573185731857,
    0.7349323493234933,
    0.7453874538745388,
    0.7447724477244773,
    0.7527675276752768,
    0.7496924969249692,
    0.7515375153751538,
    0.7607626076260763,
    0.7724477244772447,
    0.7761377613776138,
    0.7730627306273062,
    0.7712177121771218,
    0.7755227552275523,
    0.7712177121771218,
    0.7822878228782287,
    0.7933579335793358,
    0.7779827798277983,
    0.7841328413284133,
    0.7859778597785978,
    0.7933579335793358,
    0.7958179581795818,
    0.7921279212792128,
    0.7933579335793358,
    0.7952029520295203,
    0.8038130381303813,
    0.8038130381303813,
    0.8118081180811808,
    0.8075030750307504,
    0.8099630996309963,
    0.8173431734317343,
    0.8124231242312423,
    0.8105781057810578,
    0.8191881918819188,
    0.8296432964329643,
    0.8228782287822878,
    0.8241082410824109,
    0.8167281672816729,
    0.8179581795817958,
    0.8148831488314883,
    0.8241082410824109,
    0.8179581795817958,
    0.8253382533825339,
    0.8210332103321033,
    0.8277982779827798,
    0.8308733087330873,
    0.8185731857318573,
    0.8191881918819188,
    0.8394833948339483,
    0.8382533825338253,
    0.8382533825338253,
    0.8314883148831488,
    0.8364083640836408,
    0.8284132841328413,
    0.8247232472324724,
    0.8407134071340714,
    0.8419434194341944,
    0.8407134071340714,
    0.8308733087330873,
    0.8394833948339483,
    0.8468634686346863,
    0.8376383763837638,
    0.8450184501845018,
    0.8425584255842559,
    0.8468634686346863,
    0.8425584255842559,
    0.8536285362853628,
    0.8388683886838868,
    0.8462484624846248,
    0.8468634686346863,
    0.8444034440344403,
    0.8456334563345633,
    0.8493234932349324,
    0.8480934809348093,
    0.8548585485854858,
    0.8530135301353013,
    0.8474784747847478,
    0.8616236162361623,
    0.8585485854858549,
    0.8603936039360394,
    0.8493234932349324,
    0.8573185731857319,
    0.8548585485854858,
    0.8554735547355473,
    0.8536285362853628,
    0.8505535055350554,
    0.8616236162361623,
    0.8585485854858549,
    0.8517835178351784,
    0.8628536285362853,
    0.8517835178351784,
    0.8646986469864698,
    0.8616236162361623,
    0.8640836408364083
  ],
  "Validation accuracy": [
    0.5665024630541872,
    0.6280788177339901,
    0.6403940886699507,
    0.6674876847290641,
    0.6625615763546798,
    0.6551724137931034,
    0.6527093596059114,
    0.6822660098522167,
    0.6674876847290641,
    0.6674876847290641,
    0.6650246305418719,
    0.6724137931034483,
    0.6650246305418719,
    0.6674876847290641,
    0.6773399014778325,
    0.6798029556650246,
    0.6724137931034483,
    0.6600985221674877,
    0.6773399014778325,
    0.6822660098522167,
    0.687192118226601,
    0.6674876847290641,
    0.6748768472906403,
    0.6798029556650246,
    0.6748768472906403,
    0.6724137931034483,
    0.6674876847290641,
    0.6674876847290641,
    0.6773399014778325,
    0.6798029556650246,
    0.6847290640394089,
    0.6674876847290641,
    0.687192118226601,
    0.6724137931034483,
    0.6798029556650246,
    0.6674876847290641,
    0.6970443349753694,
    0.6847290640394089,
    0.6945812807881774,
    0.6699507389162561,
    0.6650246305418719,
    0.6773399014778325,
    0.6896551724137931,
    0.6970443349753694,
    0.6847290640394089,
    0.687192118226601,
    0.6847290640394089,
    0.6847290640394089,
    0.6748768472906403,
    0.6995073891625616,
    0.6921182266009852,
    0.6798029556650246,
    0.7019704433497537,
    0.6847290640394089,
    0.6674876847290641,
    0.6945812807881774,
    0.6724137931034483,
    0.6995073891625616,
    0.6847290640394089,
    0.6773399014778325,
    0.687192118226601,
    0.6650246305418719,
    0.6798029556650246,
    0.6650246305418719,
    0.6674876847290641,
    0.6896551724137931,
    0.6970443349753694,
    0.6773399014778325,
    0.6822660098522167,
    0.6674876847290641,
    0.6847290640394089,
    0.6748768472906403,
    0.6724137931034483,
    0.6822660098522167,
    0.687192118226601,
    0.6674876847290641,
    0.6650246305418719,
    0.687192118226601,
    0.6551724137931034,
    0.6330049261083743,
    0.6699507389162561,
    0.6551724137931034,
    0.6748768472906403,
    0.6625615763546798,
    0.6748768472906403,
    0.6650246305418719,
    0.6699507389162561,
    0.6724137931034483,
    0.6798029556650246,
    0.6748768472906403,
    0.6428571428571429,
    0.6576354679802956,
    0.6798029556650246,
    0.6674876847290641,
    0.6847290640394089,
    0.6724137931034483,
    0.6551724137931034,
    0.6502463054187192,
    0.6822660098522167,
    0.6650246305418719
  ],
  "Best Validation accuracy": 0.7019704433497537,
  "Test accuracy": 0.6374045801526718
}