{
  "Loss": [
    0.994878351688385,
    0.9397735595703125,
    0.9211795926094055,
    0.8984235525131226,
    0.8913728594779968,
    0.8770198822021484,
    0.8754801154136658,
    0.8628577589988708,
    0.850009024143219,
    0.8402515053749084
  ],
  "Training accuracy": [
    0.5386867419489754,
    0.5913843580092012,
    0.5913843580092012,
    0.5997490589711418,
    0.6064408197406943,
    0.616060225846926,
    0.6185696361355082,
    0.6227519866164785,
    0.6327896277708072,
    0.6327896277708072
  ],
  "Validation accuracy": [
    0.576214405360134,
    0.5979899497487438,
    0.6063651591289783,
    0.609715242881072,
    0.6164154103852596,
    0.6214405360134003,
    0.628140703517588,
    0.628140703517588,
    0.6331658291457286,
    0.6432160804020101
  ],
  "Best Validation accuracy": 0.6432160804020101,
  "Test accuracy": 0.6613756613756614
}