{
  "Loss": [
    0.7225910425186157,
    0.6174101829528809,
    0.575200617313385,
    0.5516828298568726,
    0.5264966487884521,
    0.5034962892532349,
    0.4926733374595642,
    0.4869707524776459,
    0.4739050269126892,
    0.4653264284133911,
    0.4626902639865875,
    0.4536387324333191,
    0.4566645920276642,
    0.45081624388694763,
    0.45361417531967163,
    0.44919320940971375,
    0.4464815557003021,
    0.45156148076057434,
    0.45302098989486694,
    0.4475664794445038,
    0.4575323760509491,
    0.4452952444553375,
    0.456950843334198,
    0.44954171776771545,
    0.461552232503891,
    0.4534759223461151,
    0.4529627859592438,
    0.45079466700553894,
    0.4510508179664612,
    0.45322152972221375,
    0.4537978172302246,
    0.45115289092063904,
    0.45157113671302795,
    0.4492169916629791,
    0.4597885310649872,
    0.45538389682769775,
    0.46127694845199585,
    0.45253342390060425,
    0.459888756275177,
    0.45623642206192017,
    0.4544391930103302,
    0.45494306087493896,
    0.4571957588195801,
    0.45943546295166016,
    0.4518944025039673,
    0.4578548073768616,
    0.4600209891796112,
    0.45739033818244934,
    0.47035038471221924,
    0.4536344110965729,
    0.45652756094932556,
    0.46433302760124207,
    0.45666569471359253,
    0.4569556713104248,
    0.4551015794277191,
    0.45173391699790955,
    0.46047714352607727,
    0.4590555429458618,
    0.4586608409881592,
    0.4578259587287903,
    0.4609465003013611,
    0.4512162506580353,
    0.4582808017730713,
    0.458890825510025,
    0.457730770111084,
    0.45413124561309814,
    0.4645986258983612,
    0.45638829469680786,
    0.45836690068244934,
    0.459524005651474,
    0.4557342529296875,
    0.45469051599502563,
    0.4584819972515106,
    0.4548044502735138,
    0.45835426449775696,
    0.45624709129333496,
    0.4571394622325897,
    0.45944979786872864,
    0.4571567475795746,
    0.4606491029262543,
    0.4580190181732178,
    0.4561937749385834,
    0.46467599272727966,
    0.4557373821735382,
    0.45903196930885315,
    0.4569145441055298,
    0.4606960713863373,
    0.4504474103450775,
    0.4599539637565613,
    0.46053704619407654,
    0.4604775905609131,
    0.454250693321228,
    0.452678918838501,
    0.4632212221622467,
    0.45497146248817444,
    0.4592364430427551,
    0.46124184131622314,
    0.4618581235408783,
    0.4572010338306427,
    0.46566399931907654
  ],
  "Training accuracy": [
    0.7057321884427942,
    0.763170109074031,
    0.7849849152935716,
    0.8034346716175447,
    0.810280807611975,
    0.8203759572986772,
    0.8269900208865166,
    0.8301229983754932,
    0.8372012067765142,
    0.8394058946391274,
    0.8401021118588999,
    0.8453237410071942,
    0.844975632397308,
    0.840914365281968,
    0.8423067997215131,
    0.8486887909027616,
    0.8456718496170805,
    0.8445114875841262,
    0.8474123926665119,
    0.8434671617544673,
    0.8413785100951496,
    0.8476444650731028,
    0.8434671617544673,
    0.844975632397308,
    0.8390577860292411,
    0.8424228359248085,
    0.8454397772104897,
    0.8440473427709445,
    0.8428869807379903,
    0.8365049895567417,
    0.8403341842654908,
    0.8456718496170805,
    0.8413785100951496,
    0.8424228359248085,
    0.8354606637270828,
    0.8436992341610583,
    0.8410304014852634,
    0.8423067997215131,
    0.836853098166628,
    0.8374332791831052,
    0.8391738222325366,
    0.8420747273149223,
    0.8398700394523091,
    0.8338361568809468,
    0.8430030169412857,
    0.8412624738918543,
    0.8354606637270828,
    0.8416105825017406,
    0.840914365281968,
    0.8438152703643537,
    0.8432350893478765,
    0.8397540032490137,
    0.8435831979577628,
    0.8419586911116268,
    0.8402181480621954,
    0.8416105825017406,
    0.8390577860292411,
    0.8411464376885588,
    0.8370851705732189,
    0.8421907635182176,
    0.8413785100951496,
    0.8378974239962869,
    0.8392898584358319,
    0.8390577860292411,
    0.84416337897424,
    0.843351125551172,
    0.8394058946391274,
    0.8390577860292411,
    0.8365049895567417,
    0.8355766999303783,
    0.8361568809468555,
    0.8378974239962869,
    0.8363889533534463,
    0.8329078672545834,
    0.8389417498259457,
    0.8403341842654908,
    0.8391738222325366,
    0.8370851705732189,
    0.8394058946391274,
    0.8388257136226502,
    0.8427709445346948,
    0.8378974239962869,
    0.8367370619633325,
    0.84416337897424,
    0.8414945462984451,
    0.8403341842654908,
    0.8405662566720817,
    0.8372012067765142,
    0.8397540032490137,
    0.8380134601995822,
    0.8387096774193549,
    0.8380134601995822,
    0.8436992341610583,
    0.8445114875841262,
    0.8426549083313994,
    0.8395219308424229,
    0.8432350893478765,
    0.8421907635182176,
    0.8410304014852634,
    0.8377813877929914
  ],
  "Validation accuracy": [
    0.7376973073351903,
    0.745125348189415,
    0.7483751160631383,
    0.7585886722376973,
    0.7664809656453111,
    0.7855153203342619,
    0.7604456824512534,
    0.7711234911792015,
    0.7785515320334262,
    0.7701949860724234,
    0.7743732590529248,
    0.7855153203342619,
    0.7794800371402043,
    0.7683379758588672,
    0.7841225626740947,
    0.77669452181987,
    0.7748375116063139,
    0.7697307335190343,
    0.7706592386258124,
    0.7729805013927576,
    0.7748375116063139,
    0.7794800371402043,
    0.7855153203342619,
    0.7753017641597029,
    0.7692664809656453,
    0.7743732590529248,
    0.7669452181987001,
    0.7776230269266481,
    0.7739090064995358,
    0.7734447539461468,
    0.7827298050139275,
    0.7632311977715878,
    0.775766016713092,
    0.7692664809656453,
    0.7818012999071495,
    0.7794800371402043,
    0.7604456824512534,
    0.7776230269266481,
    0.7808727948003714,
    0.7739090064995358,
    0.7743732590529248,
    0.7692664809656453,
    0.7664809656453111,
    0.7753017641597029,
    0.765552460538533,
    0.7711234911792015,
    0.775766016713092,
    0.765552460538533,
    0.7692664809656453,
    0.7674094707520891,
    0.7678737233054782,
    0.7706592386258124,
    0.7599814298978644,
    0.7720519962859795,
    0.7613741875580315,
    0.7720519962859795,
    0.7674094707520891,
    0.7706592386258124,
    0.77669452181987,
    0.7706592386258124,
    0.7646239554317549,
    0.7683379758588672,
    0.7674094707520891,
    0.7739090064995358,
    0.7711234911792015,
    0.7813370473537604,
    0.7697307335190343,
    0.7697307335190343,
    0.7613741875580315,
    0.7729805013927576,
    0.7683379758588672,
    0.7627669452181987,
    0.7697307335190343,
    0.7734447539461468,
    0.77669452181987,
    0.775766016713092,
    0.7725162488393686,
    0.7729805013927576,
    0.7706592386258124,
    0.7678737233054782,
    0.7623026926648097,
    0.7720519962859795,
    0.7613741875580315,
    0.7780872794800371,
    0.775766016713092,
    0.7669452181987001,
    0.7715877437325905,
    0.7753017641597029,
    0.7799442896935933,
    0.7720519962859795,
    0.7576601671309192,
    0.7683379758588672,
    0.7697307335190343,
    0.7771587743732591,
    0.7725162488393686,
    0.7650882079851439,
    0.7627669452181987,
    0.7748375116063139,
    0.7636954503249768,
    0.7650882079851439
  ],
  "Best Validation accuracy": 0.7855153203342619,
  "Test accuracy": 0.75234996384671
}