{
  "Loss": [
    0.9348391890525818,
    0.8691331744194031,
    0.8449941873550415,
    0.81502765417099,
    0.8272445797920227,
    0.7981133460998535,
    0.7811516523361206,
    0.7773926854133606,
    0.7602249383926392,
    0.7557055354118347,
    0.748064398765564,
    0.7400843501091003,
    0.7352749109268188,
    0.7293941378593445,
    0.7234960198402405,
    0.722684383392334,
    0.7231393456459045,
    0.7144641280174255,
    0.7190755009651184,
    0.7128503918647766,
    0.7171037197113037,
    0.7097352743148804,
    0.7066137194633484,
    0.7026229500770569,
    0.6985110640525818,
    0.6978556513786316,
    0.7017337679862976,
    0.6998550295829773,
    0.6977200508117676,
    0.6915885806083679,
    0.6895995736122131,
    0.6926804184913635,
    0.6882309317588806,
    0.6903573870658875,
    0.6877959966659546,
    0.6916818022727966,
    0.6880345940589905,
    0.6880067586898804,
    0.6953012347221375,
    0.684772789478302,
    0.6857734322547913,
    0.690532386302948,
    0.6965222358703613,
    0.6869105100631714,
    0.6891534924507141,
    0.6894766688346863,
    0.6836949586868286,
    0.6876951456069946,
    0.6809011101722717,
    0.6920552849769592,
    0.6902029514312744,
    0.684975802898407,
    0.6828913688659668,
    0.6870819330215454,
    0.6872916221618652,
    0.6914482712745667,
    0.6918397545814514,
    0.6944409608840942,
    0.6931119561195374,
    0.6960411667823792,
    0.6895629167556763,
    0.6892629861831665,
    0.6860237717628479,
    0.6902372241020203,
    0.6882907152175903,
    0.6850054264068604,
    0.6864861845970154,
    0.6815136075019836,
    0.6850796341896057,
    0.6888245940208435,
    0.684471070766449,
    0.6866942048072815,
    0.6900964379310608,
    0.6866240501403809,
    0.6930599808692932,
    0.690256655216217,
    0.6990288496017456,
    0.6903963088989258,
    0.689679741859436,
    0.6924841403961182,
    0.6993566155433655,
    0.6930219531059265,
    0.6938487887382507,
    0.6929122805595398,
    0.6998723149299622,
    0.6907594799995422,
    0.6824816465377808,
    0.6914204359054565,
    0.6915635466575623,
    0.6877232789993286,
    0.6888287663459778,
    0.6842868328094482,
    0.6904441714286804,
    0.6890771985054016,
    0.6928297877311707,
    0.6905034184455872,
    0.6896858215332031,
    0.6891741752624512,
    0.6884768605232239,
    0.6843112707138062
  ],
  "Training accuracy": [
    0.6205412054120542,
    0.6980319803198032,
    0.7115621156211562,
    0.7398523985239852,
    0.7337023370233703,
    0.7779827798277983,
    0.7896678966789668,
    0.7847478474784748,
    0.8062730627306273,
    0.8191881918819188,
    0.8148831488314883,
    0.8302583025830258,
    0.8284132841328413,
    0.8327183271832719,
    0.8308733087330873,
    0.8450184501845018,
    0.8388683886838868,
    0.8530135301353013,
    0.8450184501845018,
    0.8487084870848709,
    0.8517835178351784,
    0.8554735547355473,
    0.8671586715867159,
    0.8634686346863468,
    0.8640836408364083,
    0.8683886838868389,
    0.8708487084870848,
    0.8653136531365314,
    0.8702337023370234,
    0.8726937269372693,
    0.8733087330873309,
    0.8745387453874539,
    0.8696186961869619,
    0.8763837638376384,
    0.8763837638376384,
    0.8745387453874539,
    0.8751537515375154,
    0.8733087330873309,
    0.8690036900369004,
    0.8751537515375154,
    0.8745387453874539,
    0.8794587945879458,
    0.8733087330873309,
    0.8782287822878229,
    0.8776137761377614,
    0.8769987699876999,
    0.8813038130381304,
    0.8788437884378844,
    0.8800738007380073,
    0.8739237392373924,
    0.8763837638376384,
    0.8806888068880688,
    0.8769987699876999,
    0.8757687576875769,
    0.8720787207872078,
    0.8745387453874539,
    0.8776137761377614,
    0.8702337023370234,
    0.8757687576875769,
    0.8726937269372693,
    0.8763837638376384,
    0.8751537515375154,
    0.8769987699876999,
    0.8714637146371463,
    0.8782287822878229,
    0.8720787207872078,
    0.8788437884378844,
    0.8726937269372693,
    0.8782287822878229,
    0.8745387453874539,
    0.8800738007380073,
    0.8757687576875769,
    0.8720787207872078,
    0.8776137761377614,
    0.8683886838868389,
    0.8745387453874539,
    0.8702337023370234,
    0.8646986469864698,
    0.8702337023370234,
    0.8726937269372693,
    0.8739237392373924,
    0.8708487084870848,
    0.8696186961869619,
    0.8702337023370234,
    0.8665436654366544,
    0.8690036900369004,
    0.8769987699876999,
    0.8733087330873309,
    0.8739237392373924,
    0.8751537515375154,
    0.8739237392373924,
    0.8763837638376384,
    0.8763837638376384,
    0.8769987699876999,
    0.8751537515375154,
    0.8782287822878229,
    0.8794587945879458,
    0.8720787207872078,
    0.8788437884378844,
    0.8739237392373924
  ],
  "Validation accuracy": [
    0.645320197044335,
    0.6847290640394089,
    0.6921182266009852,
    0.687192118226601,
    0.6921182266009852,
    0.6995073891625616,
    0.6724137931034483,
    0.6847290640394089,
    0.6822660098522167,
    0.6995073891625616,
    0.6600985221674877,
    0.6773399014778325,
    0.6847290640394089,
    0.6748768472906403,
    0.6674876847290641,
    0.6379310344827587,
    0.6699507389162561,
    0.6551724137931034,
    0.6798029556650246,
    0.6724137931034483,
    0.6798029556650246,
    0.6674876847290641,
    0.6600985221674877,
    0.687192118226601,
    0.6798029556650246,
    0.6551724137931034,
    0.6748768472906403,
    0.6896551724137931,
    0.6896551724137931,
    0.6354679802955665,
    0.6625615763546798,
    0.6650246305418719,
    0.6379310344827587,
    0.6773399014778325,
    0.6773399014778325,
    0.6773399014778325,
    0.6625615763546798,
    0.6724137931034483,
    0.6699507389162561,
    0.6650246305418719,
    0.6305418719211823,
    0.6330049261083743,
    0.6600985221674877,
    0.6527093596059114,
    0.6822660098522167,
    0.6674876847290641,
    0.6724137931034483,
    0.6798029556650246,
    0.6625615763546798,
    0.6625615763546798,
    0.6354679802955665,
    0.6379310344827587,
    0.6551724137931034,
    0.645320197044335,
    0.6502463054187192,
    0.6477832512315271,
    0.6527093596059114,
    0.6724137931034483,
    0.6527093596059114,
    0.6551724137931034,
    0.6379310344827587,
    0.6502463054187192,
    0.6182266009852216,
    0.645320197044335,
    0.6600985221674877,
    0.6502463054187192,
    0.6576354679802956,
    0.6551724137931034,
    0.6699507389162561,
    0.6428571428571429,
    0.6477832512315271,
    0.6576354679802956,
    0.6354679802955665,
    0.6403940886699507,
    0.6527093596059114,
    0.6428571428571429,
    0.6379310344827587,
    0.6280788177339901,
    0.6379310344827587,
    0.625615763546798,
    0.6403940886699507,
    0.6428571428571429,
    0.6354679802955665,
    0.6502463054187192,
    0.6428571428571429,
    0.6527093596059114,
    0.6674876847290641,
    0.6551724137931034,
    0.645320197044335,
    0.6280788177339901,
    0.6576354679802956,
    0.6724137931034483,
    0.6403940886699507,
    0.6724137931034483,
    0.6699507389162561,
    0.6576354679802956,
    0.6576354679802956,
    0.6428571428571429,
    0.6280788177339901,
    0.645320197044335
  ],
  "Best Validation accuracy": 0.6995073891625616,
  "Test accuracy": 0.6641221374045801
}