{
  "Loss": [
    0.9274126291275024,
    0.8765305280685425,
    0.8531022071838379,
    0.8327775001525879,
    0.8180743455886841,
    0.7990191578865051,
    0.782056450843811,
    0.7677502036094666,
    0.7476888298988342,
    0.726508378982544,
    0.7066622972488403,
    0.6880330443382263,
    0.6767033338546753,
    0.667144238948822,
    0.6623774170875549,
    0.6599153876304626,
    0.6546250581741333,
    0.6510244011878967,
    0.6417329907417297,
    0.6473405361175537,
    0.6384710073471069,
    0.6367230415344238,
    0.6341384053230286,
    0.6249176859855652,
    0.6276751756668091,
    0.6281687617301941,
    0.6249575018882751,
    0.6228023767471313,
    0.619831919670105,
    0.620280385017395,
    0.6148828864097595,
    0.6148581504821777,
    0.6143444180488586,
    0.6138803362846375,
    0.605597972869873,
    0.5993019342422485,
    0.6044839024543762,
    0.6047718524932861,
    0.6076326370239258,
    0.5979036688804626,
    0.6013525724411011,
    0.599380612373352,
    0.5987280607223511,
    0.5950598120689392,
    0.5967301726341248,
    0.5925946831703186,
    0.5868560671806335,
    0.5835599303245544,
    0.5888470411300659,
    0.5876009464263916,
    0.5801696181297302,
    0.5839906930923462,
    0.5773314237594604,
    0.5828698873519897,
    0.5742614269256592,
    0.5780532360076904,
    0.575204610824585,
    0.5737050771713257,
    0.5719261169433594,
    0.5719528794288635,
    0.5681900978088379,
    0.569568395614624,
    0.5765875577926636,
    0.5668309330940247,
    0.5633503198623657,
    0.5617150068283081,
    0.5639143586158752,
    0.5605108737945557,
    0.5587258338928223,
    0.5576335191726685,
    0.5542958378791809,
    0.5588949918746948,
    0.5516861081123352,
    0.5590193867683411,
    0.5498096346855164,
    0.5498095154762268,
    0.5478336811065674,
    0.5474385619163513,
    0.537015438079834,
    0.5470629334449768,
    0.5449206233024597,
    0.5516852140426636,
    0.5380377173423767,
    0.5437774062156677,
    0.535775899887085,
    0.5398586392402649,
    0.5368920564651489,
    0.5393586754798889,
    0.5384304523468018,
    0.5373228192329407,
    0.5328121185302734,
    0.5401629209518433,
    0.5347806215286255,
    0.5371954441070557,
    0.5298491716384888,
    0.5279269218444824,
    0.5261918306350708,
    0.5255401134490967,
    0.5297114849090576,
    0.5225915312767029
  ],
  "Training accuracy": [
    0.5877233696913436,
    0.6103504293339522,
    0.6198653980041773,
    0.6294964028776978,
    0.6445811093061035,
    0.6479461592016709,
    0.6515432815038292,
    0.6681364585750754,
    0.673706196333256,
    0.686702251102344,
    0.6990020886516594,
    0.7139707588767695,
    0.7177999535855187,
    0.722789510327222,
    0.7276630308656301,
    0.7283592480854026,
    0.7296356463216523,
    0.7327686238106289,
    0.7345091668600603,
    0.7408911580413089,
    0.7400789046182409,
    0.7401949408215364,
    0.7405430494314226,
    0.7419354838709677,
    0.7468090044093757,
    0.7419354838709677,
    0.7466929682060803,
    0.7483174750522162,
    0.7469250406126712,
    0.7488976560686934,
    0.7453005337665352,
    0.755279647249942,
    0.7523787421675563,
    0.7522627059642608,
    0.7576003713158506,
    0.7589928057553957,
    0.7523787421675563,
    0.7553956834532374,
    0.7530749593873288,
    0.7563239730796009,
    0.7555117196565329,
    0.7571362265026689,
    0.7614295660245997,
    0.7543513576235785,
    0.759340914365282,
    0.762589928057554,
    0.7596890229751683,
    0.7640983987003945,
    0.7628220004641448,
    0.7646785797168717,
    0.7660710141564168,
    0.7683917382223253,
    0.7630540728707357,
    0.7636342538872128,
    0.7668832675794848,
    0.7693200278486888,
    0.7665351589695986,
    0.7715247157113019,
    0.770712462288234,
    0.7737294035739151,
    0.771292643304711,
    0.7672313761893711,
    0.772104896727779,
    0.7696681364585751,
    0.7755859828266419,
    0.7784868879090276,
    0.7781387792991413,
    0.7753539104200511,
    0.7760501276398236,
    0.778022743095846,
    0.7767463448595961,
    0.7744256207936876,
    0.7776746344859596,
    0.7828962636342539,
    0.7846368066836853,
    0.7789510327222093,
    0.7755859828266419,
    0.7808076119749362,
    0.7823160826177767,
    0.7791831051288002,
    0.7795312137386865,
    0.7809236481782316,
    0.7834764446507311,
    0.7845207704803899,
    0.7837085170573219,
    0.7823160826177767,
    0.7826641912276631,
    0.7876537479693665,
    0.7831283360408448,
    0.7831283360408448,
    0.7828962636342539,
    0.7838245532606173,
    0.7840566256672081,
    0.7882339289858435,
    0.7873056393594802,
    0.7910187978649339,
    0.7876537479693665,
    0.7885820375957299,
    0.7944998839637967,
    0.7852169877001625
  ],
  "Validation accuracy": [
    0.6016713091922006,
    0.6183844011142061,
    0.6267409470752089,
    0.6476323119777159,
    0.6606313834726091,
    0.6620241411327762,
    0.6722376973073352,
    0.6829155060352832,
    0.691736304549675,
    0.7010213556174559,
    0.7219127205199629,
    0.7321262766945218,
    0.7302692664809657,
    0.7404828226555246,
    0.7409470752089137,
    0.7465181058495822,
    0.7455896007428041,
    0.7437325905292479,
    0.7455896007428041,
    0.7474466109563602,
    0.7502321262766946,
    0.7502321262766946,
    0.7483751160631383,
    0.7506963788300836,
    0.7571959145775302,
    0.7544103992571959,
    0.7474466109563602,
    0.7562674094707521,
    0.7567316620241411,
    0.7590529247910863,
    0.7623026926648097,
    0.766016713091922,
    0.7623026926648097,
    0.7618384401114207,
    0.754874651810585,
    0.7636954503249768,
    0.7571959145775302,
    0.7664809656453111,
    0.7636954503249768,
    0.7650882079851439,
    0.7669452181987001,
    0.7692664809656453,
    0.7590529247910863,
    0.7678737233054782,
    0.7636954503249768,
    0.7706592386258124,
    0.7734447539461468,
    0.7683379758588672,
    0.7715877437325905,
    0.7729805013927576,
    0.7697307335190343,
    0.7664809656453111,
    0.7729805013927576,
    0.7711234911792015,
    0.77669452181987,
    0.7697307335190343,
    0.7613741875580315,
    0.7720519962859795,
    0.7743732590529248,
    0.7771587743732591,
    0.775766016713092,
    0.7669452181987001,
    0.7739090064995358,
    0.776230269266481,
    0.7739090064995358,
    0.7743732590529248,
    0.7776230269266481,
    0.7776230269266481,
    0.7780872794800371,
    0.7776230269266481,
    0.7794800371402043,
    0.7683379758588672,
    0.775766016713092,
    0.7771587743732591,
    0.7720519962859795,
    0.7734447539461468,
    0.7799442896935933,
    0.7715877437325905,
    0.7753017641597029,
    0.7785515320334262,
    0.7831940575673166,
    0.7790157845868152,
    0.7855153203342619,
    0.7818012999071495,
    0.7794800371402043,
    0.7822655524605385,
    0.7799442896935933,
    0.7804085422469823,
    0.7808727948003714,
    0.7804085422469823,
    0.7836583101207056,
    0.7878365831012071,
    0.7818012999071495,
    0.7790157845868152,
    0.7836583101207056,
    0.7855153203342619,
    0.7799442896935933,
    0.7855153203342619,
    0.7822655524605385,
    0.7850510677808727
  ],
  "Best Validation accuracy": 0.7878365831012071,
  "Test accuracy": 0.7736804049168474
}