{
  "Loss": [
    0.9221288561820984,
    0.8410353660583496,
    0.8137294054031372,
    0.781305193901062,
    0.7490827441215515,
    0.728642463684082,
    0.7041758894920349,
    0.6952309012413025,
    0.6792543530464172,
    0.6661924719810486,
    0.6519872546195984,
    0.6488345265388489,
    0.6403307914733887,
    0.6337432861328125,
    0.6269955039024353,
    0.618884801864624,
    0.6252054572105408,
    0.6144924759864807,
    0.608005166053772,
    0.6016044616699219,
    0.6008408665657043,
    0.5967061519622803,
    0.5926985144615173,
    0.596712589263916,
    0.594789981842041,
    0.5912134647369385,
    0.5970855355262756,
    0.5912999510765076,
    0.5894266963005066,
    0.5846466422080994,
    0.5844181180000305,
    0.5832785964012146,
    0.5872970223426819,
    0.5830915570259094,
    0.5856909155845642,
    0.5811346769332886,
    0.5812975764274597,
    0.5835122466087341,
    0.5803759694099426,
    0.5790091156959534,
    0.5788741707801819,
    0.5836199522018433,
    0.5806287527084351,
    0.5803184509277344,
    0.5799433588981628,
    0.5774866342544556,
    0.5767915844917297,
    0.5771167874336243,
    0.5765649676322937,
    0.5758650898933411,
    0.5751044154167175,
    0.5729953050613403,
    0.5712579488754272,
    0.5744227766990662,
    0.5754629969596863,
    0.5746939778327942,
    0.575298011302948,
    0.573352575302124,
    0.5735816955566406,
    0.5709309577941895,
    0.5714816451072693,
    0.5725624561309814,
    0.5729228258132935,
    0.5708936452865601,
    0.5738714933395386,
    0.5722872614860535,
    0.5723143815994263,
    0.569643497467041,
    0.569766640663147,
    0.5690105557441711,
    0.574948787689209,
    0.5735955834388733,
    0.5699793696403503,
    0.5688518285751343,
    0.5684329271316528,
    0.5700570344924927,
    0.5696475505828857,
    0.5688279271125793,
    0.5690486431121826,
    0.5671292543411255,
    0.5671263337135315,
    0.5696014165878296,
    0.5667691826820374,
    0.5676732659339905,
    0.5679522752761841,
    0.567438542842865,
    0.5685743093490601,
    0.5684841871261597,
    0.5672994256019592,
    0.5651106834411621,
    0.566202700138092,
    0.567384660243988,
    0.5668560862541199,
    0.5663638710975647,
    0.5679147243499756,
    0.5676085352897644,
    0.5662460327148438,
    0.5658895373344421,
    0.5662757754325867,
    0.5671275854110718
  ],
  "Training accuracy": [
    0.6353013530135302,
    0.7134071340713407,
    0.7496924969249692,
    0.7779827798277983,
    0.8050430504305043,
    0.8339483394833949,
    0.8560885608856088,
    0.8653136531365314,
    0.8911439114391144,
    0.8899138991389914,
    0.9089790897908979,
    0.906519065190652,
    0.9145141451414515,
    0.9243542435424354,
    0.932349323493235,
    0.931119311193112,
    0.9317343173431735,
    0.9403444034440345,
    0.9434194341943419,
    0.9563345633456335,
    0.9532595325953259,
    0.9514145141451414,
    0.959409594095941,
    0.955719557195572,
    0.9544895448954489,
    0.9624846248462484,
    0.9606396063960639,
    0.9630996309963099,
    0.966789667896679,
    0.9698646986469864,
    0.9686346863468634,
    0.9674046740467405,
    0.9661746617466175,
    0.9698646986469864,
    0.9692496924969249,
    0.9710947109471094,
    0.9692496924969249,
    0.9686346863468634,
    0.972939729397294,
    0.9704797047970479,
    0.974169741697417,
    0.9698646986469864,
    0.972939729397294,
    0.97539975399754,
    0.972939729397294,
    0.97539975399754,
    0.971709717097171,
    0.9747847478474785,
    0.9747847478474785,
    0.977859778597786,
    0.97539975399754,
    0.980319803198032,
    0.9790897908979089,
    0.9790897908979089,
    0.976629766297663,
    0.977859778597786,
    0.977859778597786,
    0.9797047970479705,
    0.9760147601476015,
    0.9809348093480935,
    0.9797047970479705,
    0.9784747847478474,
    0.980319803198032,
    0.980319803198032,
    0.9797047970479705,
    0.980319803198032,
    0.981549815498155,
    0.981549815498155,
    0.981549815498155,
    0.9821648216482165,
    0.980319803198032,
    0.9809348093480935,
    0.9809348093480935,
    0.9809348093480935,
    0.982779827798278,
    0.9846248462484625,
    0.984009840098401,
    0.982779827798278,
    0.986469864698647,
    0.9858548585485855,
    0.9858548585485855,
    0.9846248462484625,
    0.984009840098401,
    0.985239852398524,
    0.9858548585485855,
    0.9821648216482165,
    0.9858548585485855,
    0.9809348093480935,
    0.984009840098401,
    0.986469864698647,
    0.9846248462484625,
    0.982779827798278,
    0.985239852398524,
    0.9858548585485855,
    0.9846248462484625,
    0.9858548585485855,
    0.9858548585485855,
    0.986469864698647,
    0.985239852398524,
    0.984009840098401
  ],
  "Validation accuracy": [
    0.6133004926108374,
    0.6773399014778325,
    0.6822660098522167,
    0.6970443349753694,
    0.6921182266009852,
    0.6945812807881774,
    0.6995073891625616,
    0.7118226600985221,
    0.7216748768472906,
    0.6921182266009852,
    0.6970443349753694,
    0.7142857142857143,
    0.7118226600985221,
    0.7266009852216748,
    0.7512315270935961,
    0.7093596059113301,
    0.7241379310344828,
    0.7241379310344828,
    0.7167487684729064,
    0.7192118226600985,
    0.7241379310344828,
    0.7266009852216748,
    0.7413793103448276,
    0.7413793103448276,
    0.7216748768472906,
    0.7216748768472906,
    0.7339901477832512,
    0.7241379310344828,
    0.7389162561576355,
    0.729064039408867,
    0.7389162561576355,
    0.7536945812807881,
    0.7315270935960592,
    0.7339901477832512,
    0.7487684729064039,
    0.7438423645320197,
    0.6995073891625616,
    0.7142857142857143,
    0.7339901477832512,
    0.7413793103448276,
    0.7339901477832512,
    0.7315270935960592,
    0.7241379310344828,
    0.7068965517241379,
    0.7364532019704434,
    0.7315270935960592,
    0.7413793103448276,
    0.7389162561576355,
    0.7364532019704434,
    0.7413793103448276,
    0.7413793103448276,
    0.7536945812807881,
    0.7487684729064039,
    0.7413793103448276,
    0.7315270935960592,
    0.7266009852216748,
    0.7389162561576355,
    0.729064039408867,
    0.7315270935960592,
    0.7241379310344828,
    0.7241379310344828,
    0.7315270935960592,
    0.7192118226600985,
    0.7266009852216748,
    0.729064039408867,
    0.7266009852216748,
    0.7364532019704434,
    0.7216748768472906,
    0.7266009852216748,
    0.6970443349753694,
    0.7266009852216748,
    0.7241379310344828,
    0.7266009852216748,
    0.7339901477832512,
    0.7241379310344828,
    0.729064039408867,
    0.7339901477832512,
    0.7216748768472906,
    0.7266009852216748,
    0.7315270935960592,
    0.7315270935960592,
    0.7266009852216748,
    0.729064039408867,
    0.7093596059113301,
    0.6995073891625616,
    0.7044334975369458,
    0.7118226600985221,
    0.7192118226600985,
    0.7216748768472906,
    0.7241379310344828,
    0.7339901477832512,
    0.729064039408867,
    0.7315270935960592,
    0.7241379310344828,
    0.7192118226600985,
    0.729064039408867,
    0.7142857142857143,
    0.7192118226600985,
    0.7216748768472906,
    0.7241379310344828
  ],
  "Best Validation accuracy": 0.7536945812807881,
  "Test accuracy": 0.6908396946564885
}