{
  "Loss": [
    0.7825483679771423,
    0.621726930141449,
    0.5748884677886963,
    0.5195645689964294,
    0.4852233827114105,
    0.44694575667381287,
    0.43278768658638,
    0.38224679231643677,
    0.36122697591781616,
    0.35533809661865234,
    0.33791273832321167
  ],
  "Training accuracy": [
    0.6796319531576747,
    0.753241321622752,
    0.7892095357590966,
    0.8101212881639481,
    0.821413634462568,
    0.849017147636972,
    0.8548724383103304,
    0.8674194897532413,
    0.8724383103304056,
    0.8808030112923463,
    0.890422417398578
  ],
  "Validation accuracy": [
    0.7504187604690117,
    0.7839195979899497,
    0.7537688442211056,
    0.7587939698492462,
    0.7688442211055276,
    0.7822445561139029,
    0.7738693467336684,
    0.7839195979899497,
    0.7872696817420436,
    0.7788944723618091,
    0.7621440536013401
  ],
  "Best Validation accuracy": 0.7738693467336684,
  "Test accuracy": 0.75
}