{
  "Loss": [
    1.0098326206207275,
    0.9664418697357178,
    0.941591203212738,
    0.9294928312301636,
    0.9139894843101501,
    0.9064390659332275,
    0.900702178478241,
    0.8892045617103577,
    0.8791828155517578,
    0.8738773465156555,
    0.8676919937133789,
    0.8614975214004517,
    0.8519715666770935,
    0.8474692702293396,
    0.8392558097839355,
    0.832930862903595,
    0.8289791941642761,
    0.8103011846542358,
    0.8040624856948853,
    0.8009746670722961,
    0.7924160361289978,
    0.7884849905967712,
    0.7782981991767883,
    0.776833176612854,
    0.7616611123085022,
    0.7522909641265869,
    0.7410151362419128,
    0.7327180504798889,
    0.7202274799346924,
    0.7073569893836975,
    0.702596127986908,
    0.6897383332252502,
    0.678419291973114,
    0.6761299967765808,
    0.6562206745147705,
    0.643452525138855,
    0.6615849137306213,
    0.6343492865562439,
    0.6336378455162048,
    0.6397648453712463,
    0.6278902888298035,
    0.6275985240936279,
    0.6198120713233948,
    0.613457202911377,
    0.6157114505767822,
    0.6001312732696533,
    0.6053828001022339,
    0.6026508212089539,
    0.597606897354126,
    0.5956394672393799,
    0.5900444388389587,
    0.5941498279571533,
    0.5928224325180054,
    0.5956801176071167,
    0.5899245738983154,
    0.5894642472267151,
    0.5861559510231018,
    0.5841920375823975,
    0.5749272108078003,
    0.57552570104599,
    0.5871810913085938,
    0.5771415829658508,
    0.5841407179832458,
    0.5785810947418213,
    0.5814114212989807,
    0.5700242519378662,
    0.5622413754463196,
    0.5737130641937256,
    0.557013988494873,
    0.5639369487762451,
    0.5642417073249817,
    0.5689204931259155,
    0.5645284652709961,
    0.5630907416343689,
    0.5522072911262512,
    0.5669661164283752,
    0.5442826151847839,
    0.5512561202049255,
    0.5537362694740295,
    0.5481470823287964,
    0.5550151467323303,
    0.5411271452903748,
    0.5660989284515381,
    0.5480582118034363,
    0.5480509996414185,
    0.5399936437606812,
    0.5451699495315552,
    0.5461207628250122,
    0.5547568202018738,
    0.5359559059143066,
    0.5430730581283569,
    0.5452127456665039,
    0.5409043431282043,
    0.5295146703720093,
    0.549422562122345,
    0.5257903933525085,
    0.5423587560653687,
    0.5288057327270508,
    0.5237876176834106,
    0.5303233861923218
  ],
  "Training accuracy": [
    0.54733492442323,
    0.5807478122513922,
    0.5827366746221162,
    0.5855210819411297,
    0.5918854415274463,
    0.5902943516308672,
    0.5966587112171837,
    0.5994431185361973,
    0.60381861575179,
    0.6133651551312649,
    0.6117740652346858,
    0.6153540175019888,
    0.6221161495624503,
    0.6284805091487669,
    0.6324582338902148,
    0.6372315035799523,
    0.6356404136833731,
    0.6435958631662689,
    0.6543357199681782,
    0.6447891805887033,
    0.6646778042959427,
    0.665871121718377,
    0.6754176610978521,
    0.6742243436754176,
    0.6801909307875895,
    0.6817820206841687,
    0.6941129673826572,
    0.698090692124105,
    0.6961018297533811,
    0.7076372315035799,
    0.7215592680986476,
    0.7271280827366746,
    0.7191726332537789,
    0.7354813046937152,
    0.7438345266507558,
    0.7334924423229913,
    0.7342879872712809,
    0.7406523468575974,
    0.7394590294351631,
    0.7458233890214797,
    0.7597454256165473,
    0.749005568814638,
    0.7541766109785203,
    0.7549721559268099,
    0.7577565632458234,
    0.7597454256165473,
    0.7593476531424026,
    0.7625298329355609,
    0.7657120127287191,
    0.7645186953062848,
    0.7728719172633254,
    0.7649164677804295,
    0.771678599840891,
    0.7720763723150358,
    0.7708830548926014,
    0.7601431980906921,
    0.7641209228321401,
    0.7748607796340493,
    0.7593476531424026,
    0.7673031026252983,
    0.7816229116945107,
    0.7768496420047732,
    0.773667462211615,
    0.7720763723150358,
    0.7720763723150358,
    0.7724741447891806,
    0.7784407319013524,
    0.7748607796340493,
    0.7744630071599046,
    0.7760540970564836,
    0.7808273667462211,
    0.7808273667462211,
    0.7848050914876691,
    0.788782816229117,
    0.7824184566428003,
    0.7760540970564836,
    0.7764518695306285,
    0.7848050914876691,
    0.7840095465393795,
    0.7832140015910899,
    0.7899761336515513,
    0.788782816229117,
    0.7848050914876691,
    0.7879872712808274,
    0.7859984089101034,
    0.7796340493237868,
    0.7931583134447097,
    0.786793953858393,
    0.779236276849642,
    0.7875894988066826,
    0.786793953858393,
    0.794351630867144,
    0.786793953858393,
    0.7915672235481305,
    0.7824184566428003,
    0.7852028639618138,
    0.7983293556085919,
    0.7899761336515513,
    0.7856006364359587,
    0.7931583134447097
  ],
  "Validation accuracy": [
    0.5987261146496815,
    0.5987261146496815,
    0.5987261146496815,
    0.5987261146496815,
    0.6019108280254777,
    0.6162420382165605,
    0.6146496815286624,
    0.6210191082802548,
    0.6210191082802548,
    0.6242038216560509,
    0.6273885350318471,
    0.6321656050955414,
    0.6369426751592356,
    0.6401273885350318,
    0.6449044585987261,
    0.6592356687898089,
    0.6687898089171974,
    0.6671974522292994,
    0.6831210191082803,
    0.6942675159235668,
    0.6990445859872612,
    0.7117834394904459,
    0.7133757961783439,
    0.714968152866242,
    0.7165605095541401,
    0.7213375796178344,
    0.7229299363057324,
    0.7308917197452229,
    0.7340764331210191,
    0.7388535031847133,
    0.7484076433121019,
    0.7484076433121019,
    0.7579617834394905,
    0.7531847133757962,
    0.7579617834394905,
    0.7547770700636943,
    0.7531847133757962,
    0.7547770700636943,
    0.7579617834394905,
    0.7627388535031847,
    0.7611464968152867,
    0.7643312101910829,
    0.7659235668789809,
    0.7643312101910829,
    0.7738853503184714,
    0.7738853503184714,
    0.767515923566879,
    0.7722929936305732,
    0.7707006369426752,
    0.7786624203821656,
    0.7802547770700637,
    0.7818471337579618,
    0.7786624203821656,
    0.7802547770700637,
    0.7738853503184714,
    0.7866242038216561,
    0.785031847133758,
    0.785031847133758,
    0.7770700636942676,
    0.7929936305732485,
    0.7786624203821656,
    0.7802547770700637,
    0.7786624203821656,
    0.7898089171974523,
    0.7882165605095541,
    0.7977707006369427,
    0.7914012738853503,
    0.7882165605095541,
    0.7945859872611465,
    0.7929936305732485,
    0.7945859872611465,
    0.7866242038216561,
    0.7882165605095541,
    0.7834394904458599,
    0.7929936305732485,
    0.7770700636942676,
    0.7818471337579618,
    0.7882165605095541,
    0.7945859872611465,
    0.7945859872611465,
    0.7914012738853503,
    0.7929936305732485,
    0.7738853503184714,
    0.7993630573248408,
    0.7945859872611465,
    0.7993630573248408,
    0.7914012738853503,
    0.7786624203821656,
    0.785031847133758,
    0.7882165605095541,
    0.7961783439490446,
    0.7866242038216561,
    0.7834394904458599,
    0.7882165605095541,
    0.7929936305732485,
    0.7929936305732485,
    0.7961783439490446,
    0.7929936305732485,
    0.785031847133758,
    0.7834394904458599
  ],
  "Best Validation accuracy": 0.7993630573248408,
  "Test accuracy": 0.7869062901155327
}