{
  "Loss": [
    0.7696085572242737,
    0.6558356881141663,
    0.6066889762878418,
    0.5746296048164368,
    0.5452346205711365,
    0.515834629535675,
    0.48481836915016174,
    0.46557536721229553,
    0.4425012469291687,
    0.41784945130348206,
    0.41073471307754517,
    0.38125360012054443,
    0.37935739755630493,
    0.3667634129524231,
    0.3545657694339752,
    0.3482937216758728,
    0.3418637216091156,
    0.3382258415222168,
    0.33630433678627014,
    0.3331562578678131,
    0.33102864027023315,
    0.32582736015319824,
    0.32601091265678406,
    0.3276465833187103,
    0.328065425157547,
    0.33326518535614014,
    0.33630895614624023,
    0.3369487226009369,
    0.33721232414245605,
    0.33956751227378845,
    0.3416944444179535,
    0.34562674164772034,
    0.3433723449707031,
    0.35059794783592224,
    0.35010698437690735,
    0.3502407371997833,
    0.3553834855556488,
    0.34897860884666443,
    0.3609730005264282,
    0.35992470383644104,
    0.3586260974407196,
    0.3559797406196594,
    0.3693659007549286,
    0.35896286368370056,
    0.36462855339050293,
    0.36577072739601135,
    0.37358033657073975,
    0.36805665493011475,
    0.37506380677223206,
    0.36693429946899414,
    0.37526634335517883,
    0.38140979409217834,
    0.37598246335983276,
    0.37578415870666504,
    0.3767470121383667,
    0.38043659925460815,
    0.3821639120578766,
    0.3844372034072876,
    0.3837500214576721,
    0.3881079852581024,
    0.3848261535167694,
    0.38282814621925354,
    0.39173242449760437,
    0.38745009899139404,
    0.38579294085502625,
    0.39226034283638,
    0.39345476031303406,
    0.39358091354370117,
    0.3946272134780884,
    0.39844927191734314,
    0.401992529630661,
    0.3964463770389557,
    0.4010818898677826,
    0.395931601524353,
    0.3978516161441803,
    0.3992721736431122,
    0.40229618549346924,
    0.4021506905555725,
    0.39605623483657837,
    0.4076588451862335,
    0.39930790662765503,
    0.4020226001739502,
    0.4014713764190674,
    0.40124964714050293,
    0.4119234085083008,
    0.4049999713897705,
    0.40288078784942627,
    0.3991919457912445,
    0.4044988453388214,
    0.40257343649864197,
    0.40743452310562134,
    0.40807589888572693,
    0.41004860401153564,
    0.4117296040058136,
    0.40362313389778137,
    0.404747873544693,
    0.4068876802921295,
    0.40910816192626953,
    0.4071688652038574,
    0.4130822718143463
  ],
  "Training accuracy": [
    0.6757948479925737,
    0.7372940357391506,
    0.7557437920631237,
    0.7737294035739151,
    0.7869575307495938,
    0.8038988164307264,
    0.8159665815734509,
    0.8226966813645857,
    0.8382455326061731,
    0.8469482478533302,
    0.8551868182873057,
    0.8630772801113947,
    0.8669064748201439,
    0.8759572986771873,
    0.8768855883035507,
    0.8823392898584358,
    0.8857043397540032,
    0.8873288466001392,
    0.8903457878858204,
    0.8905778602924113,
    0.8920863309352518,
    0.891854258528661,
    0.8924344395451381,
    0.8924344395451381,
    0.8905778602924113,
    0.8939429101879787,
    0.8937108377813878,
    0.8897656068693433,
    0.8896495706660478,
    0.8899976792759341,
    0.8890693896495707,
    0.8887212810396844,
    0.8906938964957066,
    0.8874448828034347,
    0.8872128103968439,
    0.8877929914133209,
    0.8841958691111627,
    0.8844279415177535,
    0.8808308192155953,
    0.8834996518913901,
    0.8804827106057089,
    0.8828034346716176,
    0.8794383847760501,
    0.878858203759573,
    0.8823392898584358,
    0.8775818055233233,
    0.8749129728475284,
    0.8802506381991181,
    0.8743327918310513,
    0.8801346019958227,
    0.8758412624738918,
    0.8793223485727547,
    0.8696913436992342,
    0.8734045022046879,
    0.8692271988860525,
    0.8749129728475284,
    0.8677187282432118,
    0.8729403573915061,
    0.8672545834300301,
    0.8686470178695753,
    0.8667904386168485,
    0.8692271988860525,
    0.8687630540728707,
    0.8664423300069621,
    0.8672545834300301,
    0.8647017869575307,
    0.8702715247157113,
    0.8664423300069621,
    0.8597122302158273,
    0.8607565560454862,
    0.8611046646553725,
    0.8628452077048039,
    0.8577396147598051,
    0.8627291715015085,
    0.860988628452077,
    0.8631933163146902,
    0.8638895335344627,
    0.8649338593641216,
    0.8647017869575307,
    0.8624970990949176,
    0.8642376421443491,
    0.8643536783476444,
    0.860988628452077,
    0.8619169180784405,
    0.8616848456718497,
    0.858783940589464,
    0.8613367370619633,
    0.8638895335344627,
    0.860176375029009,
    0.858783940589464,
    0.8614527732652587,
    0.8597122302158273,
    0.8622650266883267,
    0.862613135298213,
    0.8580877233696913,
    0.8621489904850314,
    0.8614527732652587,
    0.8616848456718497,
    0.8665583662102576,
    0.8614527732652587
  ],
  "Validation accuracy": [
    0.724233983286908,
    0.7414113277623027,
    0.7465181058495822,
    0.7818012999071495,
    0.7743732590529248,
    0.7910863509749304,
    0.7850510677808727,
    0.7808727948003714,
    0.797585886722377,
    0.7883008356545961,
    0.8064066852367688,
    0.7957288765088208,
    0.8022284122562674,
    0.7943361188486536,
    0.7850510677808727,
    0.7804085422469823,
    0.7822655524605385,
    0.7934076137418756,
    0.7850510677808727,
    0.7999071494893222,
    0.7966573816155988,
    0.7901578458681523,
    0.8050139275766016,
    0.7836583101207056,
    0.7901578458681523,
    0.7938718662952646,
    0.7669452181987001,
    0.7943361188486536,
    0.7799442896935933,
    0.787372330547818,
    0.7748375116063139,
    0.7808727948003714,
    0.7850510677808727,
    0.7794800371402043,
    0.7827298050139275,
    0.7845868152274837,
    0.7859795728876509,
    0.775766016713092,
    0.7831940575673166,
    0.775766016713092,
    0.7808727948003714,
    0.7692664809656453,
    0.7706592386258124,
    0.78644382544104,
    0.7748375116063139,
    0.7748375116063139,
    0.7715877437325905,
    0.776230269266481,
    0.7692664809656453,
    0.7720519962859795,
    0.7720519962859795,
    0.7646239554317549,
    0.7729805013927576,
    0.7678737233054782,
    0.7595171773444754,
    0.7636954503249768,
    0.7706592386258124,
    0.7627669452181987,
    0.7636954503249768,
    0.7571959145775302,
    0.7609099350046425,
    0.7683379758588672,
    0.7618384401114207,
    0.7697307335190343,
    0.7715877437325905,
    0.7729805013927576,
    0.7715877437325905,
    0.7664809656453111,
    0.7720519962859795,
    0.7715877437325905,
    0.7669452181987001,
    0.7720519962859795,
    0.7581244196843082,
    0.7701949860724234,
    0.7715877437325905,
    0.7748375116063139,
    0.7646239554317549,
    0.7613741875580315,
    0.7516248839368617,
    0.7627669452181987,
    0.7664809656453111,
    0.7590529247910863,
    0.765552460538533,
    0.7669452181987001,
    0.7674094707520891,
    0.7646239554317549,
    0.7636954503249768,
    0.7701949860724234,
    0.7697307335190343,
    0.7743732590529248,
    0.7571959145775302,
    0.7618384401114207,
    0.7664809656453111,
    0.7674094707520891,
    0.7609099350046425,
    0.7599814298978644,
    0.7581244196843082,
    0.7636954503249768,
    0.7599814298978644,
    0.7632311977715878
  ],
  "Best Validation accuracy": 0.8064066852367688,
  "Test accuracy": 0.7769342010122922
}